{
  "main": {
    "bo": {
      "identity": {
        "version": {
          "_cldrVersion": "26",
          "_number": "$Revision: 10669 $"
        },
        "generation": {
          "_date": "$Date: 2014-07-23 16:10:33 -0500 (Wed, 23 Jul 2014) $"
        },
        "language": "bo"
      },
      "dates": {
        "calendars": {
          "buddhist": {
            "months": {
              "format": {
                "abbreviated": {
                  "1": "ཟླ་༡",
                  "2": "ཟླ་༢",
                  "3": "ཟླ་༣",
                  "4": "ཟླ་༤",
                  "5": "ཟླ་༥",
                  "6": "ཟླ་༦",
                  "7": "ཟླ་༧",
                  "8": "ཟླ་༨",
                  "9": "ཟླ་༩",
                  "10": "ཟླ་༡༠",
                  "11": "ཟླ་༡༡",
                  "12": "ཟླ་༡༢"
                },
                "narrow": {
                  "1": "1",
                  "2": "2",
                  "3": "3",
                  "4": "4",
                  "5": "5",
                  "6": "6",
                  "7": "7",
                  "8": "8",
                  "9": "9",
                  "10": "10",
                  "11": "11",
                  "12": "12"
                },
                "wide": {
                  "1": "ཟླ་བ་དང་པོ་",
                  "2": "ཟླ་བ་གཉིས་པ་",
                  "3": "ཟླ་བ་སུམ་པ་",
                  "4": "ཟླ་བ་བཞི་པ་",
                  "5": "ཟླ་བ་ལྔ་པ་",
                  "6": "ཟླ་བ་དྲུག་པ་",
                  "7": "ཟླ་བ་བདུན་པ་",
                  "8": "ཟླ་བ་བརྒྱད་པ་",
                  "9": "ཟླ་བ་དགུ་པ་",
                  "10": "ཟླ་བ་བཅུ་པ་",
                  "11": "ཟླ་བ་བཅུ་གཅིག་པ་",
                  "12": "ཟླ་བ་བཅུ་གཉིས་པ་"
                }
              },
              "stand-alone": {
                "abbreviated": {
                  "1": "ཟླ་༡",
                  "2": "ཟླ་༢",
                  "3": "ཟླ་༣",
                  "4": "ཟླ་༤",
                  "5": "ཟླ་༥",
                  "6": "ཟླ་༦",
                  "7": "ཟླ་༧",
                  "8": "ཟླ་༨",
                  "9": "ཟླ་༩",
                  "10": "ཟླ་༡༠",
                  "11": "ཟླ་༡༡",
                  "12": "ཟླ་༡༢"
                },
                "narrow": {
                  "1": "1",
                  "2": "2",
                  "3": "3",
                  "4": "4",
                  "5": "5",
                  "6": "6",
                  "7": "7",
                  "8": "8",
                  "9": "9",
                  "10": "10",
                  "11": "11",
                  "12": "12"
                },
                "wide": {
                  "1": "ཟླ་བ་དང་པོ་",
                  "2": "ཟླ་བ་གཉིས་པ་",
                  "3": "ཟླ་བ་སུམ་པ་",
                  "4": "ཟླ་བ་བཞི་པ་",
                  "5": "ཟླ་བ་ལྔ་པ་",
                  "6": "ཟླ་བ་དྲུག་པ་",
                  "7": "ཟླ་བ་བདུན་པ་",
                  "8": "ཟླ་བ་བརྒྱད་པ་",
                  "9": "ཟླ་བ་དགུ་པ་",
                  "10": "ཟླ་བ་བཅུ་པ་",
                  "11": "ཟླ་བ་བཅུ་གཅིག་པ་",
                  "12": "ཟླ་བ་བཅུ་གཉིས་པ་"
                }
              }
            },
            "days": {
              "format": {
                "abbreviated": {
                  "sun": "ཉི་མ་",
                  "mon": "ཟླ་བ་",
                  "tue": "མིག་དམར་",
                  "wed": "ལྷག་པ་",
                  "thu": "ཕུར་བུ་",
                  "fri": "པ་སངས་",
                  "sat": "སྤེན་པ་"
                },
                "narrow": {
                  "sun": "ཉི",
                  "mon": "ཟླ",
                  "tue": "མི",
                  "wed": "ལྷ",
                  "thu": "ཕུ",
                  "fri": "པ",
                  "sat": "སྤེ"
                },
                "short": {
                  "sun": "ཉི་མ་",
                  "mon": "ཟླ་བ་",
                  "tue": "མིག་དམར་",
                  "wed": "ལྷག་པ་",
                  "thu": "ཕུར་བུ་",
                  "fri": "པ་སངས་",
                  "sat": "སྤེན་པ་"
                },
                "wide": {
                  "sun": "གཟའ་ཉི་མ་",
                  "mon": "གཟའ་ཟླ་བ་",
                  "tue": "གཟའ་མིག་དམར་",
                  "wed": "གཟའ་ལྷག་པ་",
                  "thu": "གཟའ་ཕུར་བུ་",
                  "fri": "གཟའ་པ་སངས་",
                  "sat": "གཟའ་སྤེན་པ་"
                }
              },
              "stand-alone": {
                "abbreviated": {
                  "sun": "ཉི་མ་",
                  "mon": "ཟླ་བ་",
                  "tue": "མིག་དམར་",
                  "wed": "ལྷག་པ་",
                  "thu": "ཕུར་བུ་",
                  "fri": "པ་སངས་",
                  "sat": "སྤེན་པ་"
                },
                "narrow": {
                  "sun": "ཉི",
                  "mon": "ཟླ",
                  "tue": "མི",
                  "wed": "ལྷ",
                  "thu": "ཕུ",
                  "fri": "པ",
                  "sat": "སྤེ"
                },
                "short": {
                  "sun": "ཉི་མ་",
                  "mon": "ཟླ་བ་",
                  "tue": "མིག་དམར་",
                  "wed": "ལྷག་པ་",
                  "thu": "ཕུར་བུ་",
                  "fri": "པ་སངས་",
                  "sat": "སྤེན་པ་"
                },
                "wide": {
                  "sun": "གཟའ་ཉི་མ་",
                  "mon": "གཟའ་ཟླ་བ་",
                  "tue": "གཟའ་མིག་དམར་",
                  "wed": "གཟའ་ལྷག་པ་",
                  "thu": "གཟའ་ཕུར་བུ་",
                  "fri": "གཟའ་པ་སངས་",
                  "sat": "གཟའ་སྤེན་པ་"
                }
              }
            },
            "quarters": {
              "format": {
                "abbreviated": {
                  "1": "དུས་ཚིགས་དང་པོ།",
                  "2": "དུས་ཚིགས་གཉིས་པ།",
                  "3": "་དུས་ཚིགས་གསུམ་པ།",
                  "4": "དུས་ཚིགས་བཞི་པ།"
                },
                "narrow": {
                  "1": "1",
                  "2": "2",
                  "3": "3",
                  "4": "4"
                },
                "wide": {
                  "1": "དུས་ཚིགས་དང་པོ།",
                  "2": "དུས་ཚིགས་གཉིས་པ།",
                  "3": "་དུས་ཚིགས་གསུམ་པ།",
                  "4": "དུས་ཚིགས་བཞི་པ།"
                }
              },
              "stand-alone": {
                "abbreviated": {
                  "1": "དུས་ཚིགས་དང་པོ།",
                  "2": "དུས་ཚིགས་གཉིས་པ།",
                  "3": "་དུས་ཚིགས་གསུམ་པ།",
                  "4": "དུས་ཚིགས་བཞི་པ།"
                },
                "narrow": {
                  "1": "1",
                  "2": "2",
                  "3": "3",
                  "4": "4"
                },
                "wide": {
                  "1": "དུས་ཚིགས་དང་པོ།",
                  "2": "དུས་ཚིགས་གཉིས་པ།",
                  "3": "་དུས་ཚིགས་གསུམ་པ།",
                  "4": "དུས་ཚིགས་བཞི་པ།"
                }
              }
            },
            "dayPeriods": {
              "format": {
                "abbreviated": {
                  "am": "སྔ་དྲོ་",
                  "noon": "noon",
                  "pm": "ཕྱི་དྲོ་"
                },
                "narrow": {
                  "am": "a",
                  "noon": "n",
                  "pm": "p"
                },
                "wide": {
                  "am": "སྔ་དྲོ་",
                  "noon": "noon",
                  "pm": "ཕྱི་དྲོ་"
                }
              },
              "stand-alone": {
                "abbreviated": {
                  "am": "སྔ་དྲོ་",
                  "noon": "noon",
                  "pm": "ཕྱི་དྲོ་"
                },
                "narrow": {
                  "am": "a",
                  "noon": "n",
                  "pm": "p"
                },
                "wide": {
                  "am": "སྔ་དྲོ་",
                  "noon": "noon",
                  "pm": "ཕྱི་དྲོ་"
                }
              }
            },
            "eras": {
              "eraNames": {
                "0": "BE"
              },
              "eraAbbr": {
                "0": "BE"
              },
              "eraNarrow": {
                "0": "BE"
              }
            },
            "dateFormats": {
              "full": "G y MMMM d, EEEE",
              "long": "G སྤྱི་ལོ་y MMMMའི་ཙེས་dད",
              "medium": "G y ལོ་འི་MMMཙེས་d",
              "short": "GGGGG y-MM-dd"
            },
            "timeFormats": {
              "full": "HH:mm:ss zzzz",
              "long": "HH:mm:ss z",
              "medium": "HH:mm:ss",
              "short": "HH:mm"
            },
            "dateTimeFormats": {
              "full": "{1} {0}",
              "long": "{1} {0}",
              "medium": "{1} {0}",
              "short": "{1} {0}",
              "availableFormats": {
                "E": "ccc",
                "EHm": "E HH:mm",
                "EHms": "E HH:mm:ss",
                "Ed": "d, E",
                "Ehm": "E h:mm a",
                "Ehms": "E h:mm:ss a",
                "Gy": "G y",
                "GyMMM": "G y MMM",
                "GyMMMEd": "G y MMM d, E",
                "GyMMMd": "G y MMM d",
                "H": "HH",
                "Hm": "HH:mm",
                "Hms": "HH:mm:ss",
                "M": "L",
                "MEd": "MM-dd, E",
                "MMM": "LLL",
                "MMMEd": "MMM d, E",
                "MMMd": "MMM d",
                "Md": "MM-dd",
                "d": "d",
                "h": "h a",
                "hm": "h:mm a",
                "hms": "h:mm:ss a",
                "ms": "mm:ss",
                "y": "G y",
                "yMMMMd": "G སྤྱི་ལོ་y MMMMའི་ཙེས་dད",
                "yMMMd": "G y ལོ་འི་MMMཙེས་d",
                "yyyy": "G y",
                "yyyyM": "GGGGG y-MM",
                "yyyyMEd": "GGGGG y-MM-dd, E",
                "yyyyMMM": "G y MMM",
                "yyyyMMMEd": "G y MMM d, E",
                "yyyyMMMd": "G y ལོ་འི་MMMཙེས་d",
                "yyyyMd": "GGGGG y-MM-dd",
                "yyyyQQQ": "G y QQQ",
                "yyyyQQQQ": "G y QQQQ"
              },
              "appendItems": {
                "Day": "{0} ({2}: {1})",
                "Day-Of-Week": "{0} {1}",
                "Era": "{1} {0}",
                "Hour": "{0} ({2}: {1})",
                "Minute": "{0} ({2}: {1})",
                "Month": "{0} ({2}: {1})",
                "Quarter": "{0} ({2}: {1})",
                "Second": "{0} ({2}: {1})",
                "Timezone": "{0} {1}",
                "Week": "{0} ({2}: {1})",
                "Year": "{1} {0}"
              },
              "intervalFormats": {
                "intervalFormatFallback": "{0} – {1}",
                "H": {
                  "H": "HH–HH"
                },
                "Hm": {
                  "H": "HH:mm–HH:mm",
                  "m": "HH:mm–HH:mm"
                },
                "Hmv": {
                  "H": "HH:mm–HH:mm v",
                  "m": "HH:mm–HH:mm v"
                },
                "Hv": {
                  "H": "HH–HH v"
                },
                "M": {
                  "M": "MM–MM"
                },
                "MEd": {
                  "M": "MM-dd, E – MM-dd, E",
                  "d": "MM-dd, E – MM-dd, E"
                },
                "MMM": {
                  "M": "LLL–LLL"
                },
                "MMMEd": {
                  "M": "MMM d, E – MMM d, E",
                  "d": "MMM d, E – MMM d, E"
                },
                "MMMd": {
                  "M": "MMM d – MMM d",
                  "d": "MMM d–d"
                },
                "Md": {
                  "M": "MM-dd – MM-dd",
                  "d": "MM-dd – MM-dd"
                },
                "d": {
                  "d": "d–d"
                },
                "h": {
                  "a": "h a – h a",
                  "h": "h–h a"
                },
                "hm": {
                  "a": "h:mm a – h:mm a",
                  "h": "h:mm–h:mm a",
                  "m": "h:mm–h:mm a"
                },
                "hmv": {
                  "a": "h:mm a – h:mm a v",
                  "h": "h:mm–h:mm a v",
                  "m": "h:mm–h:mm a v"
                },
                "hv": {
                  "a": "h a – h a v",
                  "h": "h–h a v"
                },
                "y": {
                  "y": "G y–y"
                },
                "yM": {
                  "M": "GGGGG y-MM – y-MM",
                  "y": "GGGGG y-MM – y-MM"
                },
                "yMEd": {
                  "M": "GGGGG y-MM-dd, E – y-MM-dd, E",
                  "d": "GGGGG y-MM-dd, E – y-MM-dd, E",
                  "y": "GGGGG y-MM-dd, E – y-MM-dd, E"
                },
                "yMMM": {
                  "M": "G y MMM–MMM",
                  "y": "G y MMM – y MMM"
                },
                "yMMMEd": {
                  "M": "G y MMM d, E – MMM d, E",
                  "d": "G y MMM d, E – MMM d, E",
                  "y": "G y MMM d, E – y MMM d, E"
                },
                "yMMMM": {
                  "M": "G y MMMM–MMMM",
                  "y": "G y MMMM – y MMMM"
                },
                "yMMMd": {
                  "M": "G y MMM d – MMM d",
                  "d": "G y MMM d–d",
                  "y": "G y MMM d – y MMM d"
                },
                "yMd": {
                  "M": "GGGGG y-MM-dd – y-MM-dd",
                  "d": "GGGGG y-MM-dd – y-MM-dd",
                  "y": "GGGGG y-MM-dd – y-MM-dd"
                }
              }
            }
          }
        }
      }
    }
  }
}
