{
  "main": {
    "bo": {
      "identity": {
        "version": {
          "_cldrVersion": "26",
          "_number": "$Revision: 10669 $"
        },
        "generation": {
          "_date": "$Date: 2014-07-23 16:10:33 -0500 (Wed, 23 Jul 2014) $"
        },
        "language": "bo"
      },
      "localeDisplayNames": {
        "territories": {
          "001": "འཛམ་གླིང་།",
          "002": "ཨཕྲི་ཀ།",
          "003": "003",
          "005": "005",
          "009": "009",
          "011": "011",
          "013": "013",
          "014": "014",
          "015": "015",
          "017": "017",
          "018": "018",
          "019": "019",
          "021": "021",
          "029": "029",
          "030": "030",
          "034": "034",
          "035": "035",
          "039": "039",
          "053": "ཨསྟྲེ་ལི་ཡ་དང་། ནིའུ་ཛི་ལན྄ཌ།",
          "054": "054",
          "057": "057",
          "061": "061",
          "142": "ཨེ་ཤི་ཡ།",
          "143": "143",
          "145": "145",
          "150": "ཡུ་རོབ།",
          "151": "151",
          "154": "154",
          "155": "155",
          "419": "419",
          "AC": "AC",
          "AD": "ཨེན་ཌོ་ར།",
          "AE": "ཨ་རབ། ཨི་མི་རཊ྄། ཆིག་སྒྲིལ་རྒྱལ་ཁབ།",
          "AF": "ཨཕ་ག་ནི་སྟཱན།",
          "AG": "ཨེན་ཊི་གུ་དང་། བྷར་བུ་ཌ།",
          "AI": "ཨང་གུའི་ལ།",
          "AL": "ཨལ་བཱ་ནི་ཡ།",
          "AM": "ཨར་མེ་ནི་ཡ།",
          "AO": "ཨང་གཽ་ལ།",
          "AQ": "ལྷོ་རྩེའི་མཐའ་གླིང་།",
          "AR": "ཨར་ཇེན་ཊི་ན།",
          "AS": "AS",
          "AT": "ཨསྟྲི་ཡ།",
          "AU": "ཨསྟྲེ་ལི་ཡ།",
          "AW": "ཨ་རུ་བ།",
          "AX": "AX",
          "AZ": "ཨཛར་བཡེ་ཇན།",
          "BA": "བོསྣི་ཡ་དང་ཧརྫོ་གོ་ཝི་ན།",
          "BB": "བཱརྦ་ཌོས྄།",
          "BD": "བངྒ་ལ་དེཤ།",
          "BE": "བེལ་ཇི་ཡམ།",
          "BF": "བརཀི་ན། ཕསོ།",
          "BG": "བུལ་ག་རི་ཡ།",
          "BH": "བྷཱ་རེན།",
          "BI": "བུ་རུན་ཌི།",
          "BJ": "བཱེ་ནིན།",
          "BL": "BL",
          "BM": "བར་མུ་ཌ།",
          "BN": "བུ་རུ་ནེ།",
          "BO": "བོ་ལི་ཝིཡ།",
          "BQ": "BQ",
          "BR": "བ་རཱ་ཛིལ།",
          "BS": "བྷཱ་མས྄།",
          "BT": "འབྲུག་ཡུལ།",
          "BV": "BV",
          "BW": "བོཙ་ཝ་ན།",
          "BY": "བེ་ལུ་རུ་སུ།",
          "BZ": "བེ་ལིཛ།",
          "CA": "ཁེ་ན་ཌ།",
          "CC": "CC",
          "CD": "CD",
          "CD-alt-variant": "CD",
          "CF": "CF",
          "CG": "CG",
          "CG-alt-variant": "CG",
          "CH": "ཧྲུད་ཧྲི།",
          "CI": "ཀོ་ཊེ་ཌི། ཨི་ཝོ་རེ།",
          "CI-alt-variant": "CI",
          "CK": "ཀཱུག གླིང་ཕྲེན་རྒྱལ་ཁབ།",
          "CL": "ཅི་ལི།",
          "CM": "ཀ་མེ་རུན།",
          "CN": "རྒྱ་ནག",
          "CO": "ཀོ་ལོམ་བི་ཡ།",
          "CP": "CP",
          "CR": "ཀོ་ས྄ཊ་རི་ཀ།",
          "CU": "ཁྱུའུ་བ།",
          "CV": "CV",
          "CW": "CW",
          "CX": "CX",
          "CY": "སཱཡེ་པ་རས྄།",
          "CZ": "ཅཻག་སྤྱི་མཐུན་རྒྱལ་ཁབ།",
          "DE": "འཇར་མན་",
          "DG": "DG",
          "DJ": "ཛི་བུ་ཏི།",
          "DK": "ཌེན་མཱརྐ།",
          "DM": "ཌོ་མིན་ནི་ཀ།",
          "DO": "ཌོ་མིནནི་ཀན་སྤྱི་མཐུན་རྒྱལ་ཁབ།",
          "DZ": "ཨལ་ཇི་རི་ཡ།",
          "EA": "EA",
          "EC": "ཨི་ཁྭ་ཌོར།",
          "EE": "ཨིསྟོ་ནི་ཡ།",
          "EG": "ཨི་ཇིབྚ།",
          "EH": "EH",
          "ER": "ཨེ་རི་ཏྲེ་ཨ།",
          "ES": "སི་པན།",
          "ET": "ཨི་ཐིའོ་པི་ཡ།",
          "EU": "EU",
          "FI": "ཕིན་ལན྄ཌ།",
          "FJ": "ཕི་ཇི།",
          "FK": "ཕལྐ་ལནྜ་གླིང་ཕྲན།",
          "FK-alt-variant": "FK",
          "FM": "FM",
          "FO": "FO",
          "FR": "ཕ་རཱན་སི།",
          "GA": "གེ་བཽན།",
          "GB": "དབྱིན་ཇི་",
          "GB-alt-short": "GB",
          "GD": "གྷ་རི་ན་ཌ།",
          "GE": "ཇོར་ཇི་ཡ།",
          "GF": "GF",
          "GG": "GG",
          "GH": "གྷ་ན།",
          "GI": "ཇིབ་རཱལ་ཊར།",
          "GL": "GL",
          "GM": "གྷམ་བི་ཡ།",
          "GN": "གྷི་ནི་ཡ།",
          "GP": "GP",
          "GQ": "GQ",
          "GR": "གྷི་རཱི་སི།",
          "GS": "GS",
          "GT": "གྷོ་ཊེ་མ་ལ།",
          "GU": "GU",
          "GW": "གྷི་ནི་ཡ་བིས྄་སོ།",
          "GY": "གྷུ་ཡཱ་ན།",
          "HK": "HK",
          "HK-alt-short": "ཧོང་ཀོང༌།",
          "HM": "HM",
          "HN": "ཧོན་དུ་རས྄།",
          "HR": "ཀུརོ་ཤི་ཡ།",
          "HT": "ཧེ་ཏི།",
          "HU": "ཧངྒ་རི།",
          "IC": "IC",
          "ID": "ཨིན་ཌོ་ནེ་ཤི་ཡ།",
          "IE": "ཨ་ཡར་ལནཌ།",
          "IL": "ཨི་ཛ྄་རེལ།",
          "IM": "IM",
          "IN": "རྒྱ་གར་",
          "IO": "IO",
          "IQ": "ཨི་རག།",
          "IR": "ཨི་རཱན།",
          "IS": "ཨ་ཨི་སི་ལནད།",
          "IT": "ཨི་ཀྲར་ལི་",
          "JE": "JE",
          "JM": "ཛ་མེ་ཀ།",
          "JO": "ཇོར་ཌན།",
          "JP": "རི་པིན་",
          "KE": "ཁེན་ཉི་ཡ།",
          "KG": "ཁིར་གིཛ་སྟཱན།",
          "KH": "ཀམ་བོ་ཌི་ཡ།",
          "KI": "ཀི་རི་བཱ་ཏི།",
          "KM": "KM",
          "KN": "སེནྚ། ཀིཊྚས྄། དང༌། ནེ་བིས྄།",
          "KP": "KP",
          "KR": "ཀོ་རི་ཡ། ལྷོ་མ།",
          "KW": "ཀུ་ཝེད་རྒྱལ་ཁབ།",
          "KY": "ཁེ་མེན་གླིང་ཕྲན།",
          "KZ": "ཁ་ཛཱག་སྟཱན།",
          "LA": "ལཱ་འོས།",
          "LB": "ལེབ་ནོན།",
          "LC": "སེནྚ། ལུ་ཤི་ཡ།",
          "LI": "ལེག་ཏེན་ཚིན།",
          "LK": "ཤྲཱི་ལངྐ་།",
          "LR": "ལི་བེ་རི་ཡ།",
          "LS": "ལེ་སོ་ཐོ།",
          "LT": "ལི་ཐུ་ཨེ་ནི་ཡ།",
          "LU": "ལཀ་ཛམ་བོརྒ།",
          "LV": "ལཏ་བི་ཡ།",
          "LY": "ལི་བི་ཡ།",
          "MA": "མོ་རོ་ཀྐོ།",
          "MC": "མོ་ན་ཀོ།",
          "MD": "MD",
          "ME": "ME",
          "MF": "MF",
          "MG": "མ་དཱ་གྷསྐཱར།",
          "MH": "མཱར་ཤལ་གླིང་ཕྲེན།",
          "MK": "MK",
          "MK-alt-variant": "MK",
          "ML": "མ་ལི།",
          "MM": "འབར་མ།",
          "MN": "སོག་ཡུལ།",
          "MO": "MO",
          "MO-alt-short": "མེ་ཀའོ།",
          "MP": "MP",
          "MQ": "MQ",
          "MR": "མཽ་རི་ཏ་ནི་ཡ།",
          "MS": "MS",
          "MT": "མལ་ཊ།",
          "MU": "མཽ་རིཤས྄།",
          "MV": "མལ་དྭིབ།",
          "MW": "མཱ་ལཱ་ཝི།",
          "MX": "མེཀ་སི་ཀོ།",
          "MY": "མ་ལེ་ཤི་ཡ།",
          "MZ": "མོ་ཛམ་བིག།",
          "NA": "ན་མི་བི་ཡ།",
          "NC": "NC",
          "NE": "ནའི་ཇར།",
          "NF": "NF",
          "NG": "ནཱའི་ཇི་རི་ཡ།",
          "NI": "ནི་ཀ་ར་གུ་ཨ།",
          "NL": "ཧའོ་ལན།",
          "NO": "ནོར་ཝེ།",
          "NP": "བར་ཡུལ་",
          "NR": "ནཽ་རུ།",
          "NU": "ནིའུ་ཝ།",
          "NZ": "ནིའུ་ཛི་ལན྄ཌ།",
          "OM": "ཨོ་མན།",
          "PA": "པ་ནཱ་མ།",
          "PE": "པེ་རུ།",
          "PF": "PF",
          "PG": "པ་པུ་ཨ། ནིའུ། གྷི་ནི།",
          "PH": "ཕི་ལི་པིནས྄།",
          "PK": "པཀི་སྟཱན།",
          "PL": "པོ་ལནྜ།",
          "PM": "PM",
          "PN": "PN",
          "PR": "PR",
          "PS": "PS",
          "PS-alt-short": "PS",
          "PT": "པོར་ཏུ་གྷལ།",
          "PW": "པ་ལཽ།",
          "PY": "པཱ་ར་གེ།",
          "QA": "ཀ་ཏཱར།",
          "QO": "QO",
          "RE": "RE",
          "RO": "རོ་མཱ་ནིཡ།",
          "RS": "སེར་བི་ཡ།",
          "RU": "ཨུ་རུ་སུ་",
          "RW": "རུ་ཝན་ཌ།",
          "SA": "སཽ་དྷི་ཨ་རཱ་བི་ཡ།",
          "SB": "སོ་ལོ་མོན། གླིང་ཕྲན་ཚོ་ཁག།",
          "SC": "སཱ་ཤཻལ།",
          "SD": "སུ་དཱན།",
          "SE": "ཧྲུའི་ཏན།",
          "SG": "སིངྒ་པུར།",
          "SH": "སེནྚ། ཧེ་ལི་ན།",
          "SI": "ས་ལཽ་ཝེ་ནི་ཡ།",
          "SJ": "SJ",
          "SK": "ས་ལཽ་ཝཀྱ།",
          "SL": "སེ་ཡར་ར། ལིའོན།",
          "SM": "སན་མེ་རི་ནོ།",
          "SN": "སེ་ནི་གྷལ།",
          "SO": "སོ་མཱལི་ཡ།",
          "SR": "སུ་རི་ནཱམ།",
          "SS": "SS",
          "ST": "ས་འོ་ཏོད་མད། དང༌། པ྄རིན་སི་པེ།",
          "SV": "ཨེལ། སཱལ་ཝ་ཌོར།",
          "SX": "SX",
          "SY": "SY",
          "SZ": "SZ",
          "TA": "TA",
          "TC": "TC",
          "TD": "ཅཻཌ།",
          "TF": "TF",
          "TG": "TG",
          "TH": "TH",
          "TJ": "TJ",
          "TK": "TK",
          "TL": "TL",
          "TL-alt-variant": "TL",
          "TM": "TM",
          "TN": "TN",
          "TO": "TO",
          "TR": "ཏུརཀི།",
          "TT": "TT",
          "TV": "ཐུ་ཝ་ལུ།",
          "TW": "TW",
          "TZ": "TZ",
          "UA": "ཡུ་ཀྲན།",
          "UG": "ཡུ་གན་ཌ།",
          "UM": "UM",
          "US": "ཨ་མེ་རི་ཀ།",
          "US-alt-short": "US",
          "UY": "ཨུ་རུ་གྷེ།",
          "UZ": "ཨུཛ་བེ་ཀིསྟཱན།",
          "VA": "ཝེ་ཊི་ཀན།",
          "VC": "སེནྚ། ཝིན་སན། དང༌། གྷིརིན་ཌིན།",
          "VE": "ཝེ་ནི་ཛུའེ་ལ།",
          "VG": "VG",
          "VI": "VI",
          "VN": "བི་དི་ནམ།",
          "VU": "ཝ་ནུ་ཨ་ཐུ།",
          "WF": "WF",
          "WS": "ནུ་བ་ས་མོ་འ།",
          "XK": "XK",
          "YE": "ཡེ་མེན།",
          "YT": "YT",
          "ZA": "ལྷོ་ ཨཕྲི་ཀ།",
          "ZM": "ཛམ་བི་ཡ།",
          "ZW": "ཛིམ་བྷཱ་བེ།",
          "ZZ": "མིའི་ཤེས་རྟོགས་མ་བྱུང་བའི་ཁོར་ཡུག"
        }
      }
    }
  }
}
