{
  "main": {
    "br": {
      "identity": {
        "version": {
          "_cldrVersion": "26",
          "_number": "$Revision: 10739 $"
        },
        "generation": {
          "_date": "$Date: 2014-08-07 12:54:13 -0500 (Thu, 07 Aug 2014) $"
        },
        "language": "br"
      },
      "dates": {
        "calendars": {
          "gregorian": {
            "months": {
              "format": {
                "abbreviated": {
                  "1": "Gen",
                  "2": "Cʼhwe",
                  "3": "Meur",
                  "4": "Ebr",
                  "5": "Mae",
                  "6": "Mezh",
                  "7": "Goue",
                  "8": "Eost",
                  "9": "Gwen",
                  "10": "Here",
                  "11": "Du",
                  "12": "Ker"
                },
                "narrow": {
                  "1": "01",
                  "2": "02",
                  "3": "03",
                  "4": "04",
                  "5": "05",
                  "6": "06",
                  "7": "07",
                  "8": "08",
                  "9": "09",
                  "10": "10",
                  "11": "11",
                  "12": "12"
                },
                "wide": {
                  "1": "Genver",
                  "2": "Cʼhwevrer",
                  "3": "Meurzh",
                  "4": "Ebrel",
                  "5": "Mae",
                  "6": "Mezheven",
                  "7": "Gouere",
                  "8": "Eost",
                  "9": "Gwengolo",
                  "10": "Here",
                  "11": "Du",
                  "12": "Kerzu"
                }
              },
              "stand-alone": {
                "abbreviated": {
                  "1": "Gen",
                  "2": "Cʼhwe",
                  "3": "Meur",
                  "4": "Ebr",
                  "5": "Mae",
                  "6": "Mezh",
                  "7": "Goue",
                  "8": "Eost",
                  "9": "Gwen",
                  "10": "Here",
                  "11": "Du",
                  "12": "Ker"
                },
                "narrow": {
                  "1": "01",
                  "2": "02",
                  "3": "03",
                  "4": "04",
                  "5": "05",
                  "6": "06",
                  "7": "07",
                  "8": "08",
                  "9": "09",
                  "10": "10",
                  "11": "11",
                  "12": "12"
                },
                "wide": {
                  "1": "Genver",
                  "2": "Cʼhwevrer",
                  "3": "Meurzh",
                  "4": "Ebrel",
                  "5": "Mae",
                  "6": "Mezheven",
                  "7": "Gouere",
                  "8": "Eost",
                  "9": "Gwengolo",
                  "10": "Here",
                  "11": "Du",
                  "12": "Kerzu"
                }
              }
            },
            "days": {
              "format": {
                "abbreviated": {
                  "sun": "Sul",
                  "mon": "Lun",
                  "tue": "Meu.",
                  "wed": "Mer.",
                  "thu": "Yaou",
                  "fri": "Gwe.",
                  "sat": "Sad."
                },
                "narrow": {
                  "sun": "Su",
                  "mon": "L",
                  "tue": "Mz",
                  "wed": "Mc",
                  "thu": "Y",
                  "fri": "G",
                  "sat": "Sa"
                },
                "short": {
                  "sun": "Sul",
                  "mon": "Lun",
                  "tue": "Meu.",
                  "wed": "Mer.",
                  "thu": "Yaou",
                  "fri": "Gwe.",
                  "sat": "Sad."
                },
                "wide": {
                  "sun": "Sul",
                  "mon": "Lun",
                  "tue": "Meurzh",
                  "wed": "Mercʼher",
                  "thu": "Yaou",
                  "fri": "Gwener",
                  "sat": "Sadorn"
                }
              },
              "stand-alone": {
                "abbreviated": {
                  "sun": "Sul",
                  "mon": "Lun",
                  "tue": "Meu.",
                  "wed": "Mer.",
                  "thu": "Yaou",
                  "fri": "Gwe.",
                  "sat": "Sad."
                },
                "narrow": {
                  "sun": "Su",
                  "mon": "L",
                  "tue": "Mz",
                  "wed": "Mc",
                  "thu": "Y",
                  "fri": "G",
                  "sat": "Sa"
                },
                "short": {
                  "sun": "Sul",
                  "mon": "Lun",
                  "tue": "Meu.",
                  "wed": "Mer.",
                  "thu": "Yaou",
                  "fri": "Gwe.",
                  "sat": "Sad."
                },
                "wide": {
                  "sun": "Sul",
                  "mon": "Lun",
                  "tue": "Meurzh",
                  "wed": "Mercʼher",
                  "thu": "Yaou",
                  "fri": "Gwener",
                  "sat": "Sadorn"
                }
              }
            },
            "quarters": {
              "format": {
                "abbreviated": {
                  "1": "1añ trim.",
                  "2": "2l trim.",
                  "3": "3e trim.",
                  "4": "4e trim."
                },
                "narrow": {
                  "1": "1",
                  "2": "2",
                  "3": "3",
                  "4": "4"
                },
                "wide": {
                  "1": "1añ trimiziad",
                  "2": "2l trimiziad",
                  "3": "3e trimiziad",
                  "4": "4e trimiziad"
                }
              },
              "stand-alone": {
                "abbreviated": {
                  "1": "1añ trim.",
                  "2": "2l trim.",
                  "3": "3e trim.",
                  "4": "4e trim."
                },
                "narrow": {
                  "1": "1",
                  "2": "2",
                  "3": "3",
                  "4": "4"
                },
                "wide": {
                  "1": "1añ trimiziad",
                  "2": "2l trimiziad",
                  "3": "3e trimiziad",
                  "4": "4e trimiziad"
                }
              }
            },
            "dayPeriods": {
              "format": {
                "abbreviated": {
                  "am": "A.M.",
                  "noon": "kreisteiz",
                  "pm": "G.M."
                },
                "narrow": {
                  "am": "am",
                  "noon": "k",
                  "pm": "gm"
                },
                "wide": {
                  "am": "A.M.",
                  "noon": "kreisteiz",
                  "pm": "G.M."
                }
              },
              "stand-alone": {
                "abbreviated": {
                  "am": "A.M.",
                  "noon": "kreisteiz",
                  "pm": "G.M."
                },
                "narrow": {
                  "am": "am",
                  "noon": "k",
                  "pm": "gm"
                },
                "wide": {
                  "am": "A.M.",
                  "noon": "kreisteiz",
                  "pm": "G.M."
                }
              }
            },
            "eras": {
              "eraNames": {
                "0": "BCE",
                "0-alt-variant": "BCE",
                "1": "CE",
                "1-alt-variant": "CE"
              },
              "eraAbbr": {
                "0": "BCE",
                "0-alt-variant": "BCE",
                "1": "CE",
                "1-alt-variant": "CE"
              },
              "eraNarrow": {
                "0": "BCE",
                "0-alt-variant": "BCE",
                "1": "CE",
                "1-alt-variant": "CE"
              }
            },
            "dateFormats": {
              "full": "y MMMM d, EEEE",
              "long": "y MMMM d",
              "medium": "y MMM d",
              "short": "y-MM-dd"
            },
            "timeFormats": {
              "full": "HH:mm:ss zzzz",
              "long": "HH:mm:ss z",
              "medium": "HH:mm:ss",
              "short": "HH:mm"
            },
            "dateTimeFormats": {
              "full": "{1} {0}",
              "long": "{1} {0}",
              "medium": "{1} {0}",
              "short": "{1} {0}",
              "availableFormats": {
                "E": "ccc",
                "EHm": "E HH:mm",
                "EHms": "E HH:mm:ss",
                "Ed": "E d",
                "Ehm": "E h:mm a",
                "Ehms": "E h:mm:ss a",
                "Gy": "y G",
                "GyMMM": "MMM y G",
                "GyMMMEd": "E d MMM y G",
                "GyMMMd": "d MMM y G",
                "H": "HH",
                "Hm": "HH:mm",
                "Hms": "HH:mm:ss",
                "M": "MM",
                "MEd": "E dd/MM",
                "MMM": "LLL",
                "MMMEd": "E d MMM",
                "MMMd": "d MMM",
                "Md": "dd/MM",
                "d": "d",
                "h": "h a",
                "hm": "h:mm a",
                "hms": "h:mm:ss a",
                "ms": "mm:ss",
                "y": "y",
                "yM": "MM/y",
                "yMEd": "E dd/MM/y",
                "yMMM": "MMM y",
                "yMMMEd": "E d MMM y",
                "yMMMd": "d MMM y",
                "yMd": "dd/MM/y",
                "yQQQ": "QQQ y",
                "yQQQQ": "QQQQ y"
              },
              "appendItems": {
                "Day": "{0} ({2}: {1})",
                "Day-Of-Week": "{0} {1}",
                "Era": "{1} {0}",
                "Hour": "{0} ({2}: {1})",
                "Minute": "{0} ({2}: {1})",
                "Month": "{0} ({2}: {1})",
                "Quarter": "{0} ({2}: {1})",
                "Second": "{0} ({2}: {1})",
                "Timezone": "{0} {1}",
                "Week": "{0} ({2}: {1})",
                "Year": "{1} {0}"
              },
              "intervalFormats": {
                "intervalFormatFallback": "{0} – {1}",
                "H": {
                  "H": "HH–HH"
                },
                "Hm": {
                  "H": "HH:mm–HH:mm",
                  "m": "HH:mm–HH:mm"
                },
                "Hmv": {
                  "H": "HH:mm–HH:mm v",
                  "m": "HH:mm–HH:mm v"
                },
                "Hv": {
                  "H": "HH–HH v"
                },
                "M": {
                  "M": "MM–MM"
                },
                "MEd": {
                  "M": "E dd/MM - E dd/MM",
                  "d": "E dd/MM - E dd/MM"
                },
                "MMM": {
                  "M": "LLL–LLL"
                },
                "MMMEd": {
                  "M": "E d MMM - E d MMM",
                  "d": "E d MMM - E d MMM"
                },
                "MMMd": {
                  "M": "d MMM - d MMM",
                  "d": "d-d MMM"
                },
                "Md": {
                  "M": "dd/MM - dd/MM",
                  "d": "dd/MM - dd/MM"
                },
                "d": {
                  "d": "d–d"
                },
                "h": {
                  "a": "h a – h a",
                  "h": "h–h a"
                },
                "hm": {
                  "a": "h:mm a – h:mm a",
                  "h": "h:mm–h:mm a",
                  "m": "h:mm–h:mm a"
                },
                "hmv": {
                  "a": "h:mm a – h:mm a v",
                  "h": "h:mm–h:mm a v",
                  "m": "h:mm–h:mm a v"
                },
                "hv": {
                  "a": "h a – h a v",
                  "h": "h–h a v"
                },
                "y": {
                  "y": "y–y"
                },
                "yM": {
                  "M": "MM/y - MM/y",
                  "y": "MM/y - MM/y"
                },
                "yMEd": {
                  "M": "E dd/MM/y - E dd/MM/y",
                  "d": "E dd/MM/y - E dd/MM/y",
                  "y": "E dd/MM/y - E dd/MM/y"
                },
                "yMMM": {
                  "M": "MMM - MMM y",
                  "y": "MMM y - MMM y"
                },
                "yMMMEd": {
                  "M": "E d MMM - E d MMM y",
                  "d": "E d MMM - E d MMM y",
                  "y": "E d MMM y - E d MMM y"
                },
                "yMMMM": {
                  "M": "MMMM - MMMM y",
                  "y": "MMMM y - MMMM y"
                },
                "yMMMd": {
                  "M": "d MMM - d MMM y",
                  "d": "d-d MMM y",
                  "y": "d MMM y - d MMM y"
                },
                "yMd": {
                  "M": "dd/MM/y - dd/MM/y",
                  "d": "dd/MM/y - dd/MM/y",
                  "y": "dd/MM/y - dd/MM/y"
                }
              }
            }
          }
        }
      }
    }
  }
}
