{
  "main": {
    "bn-BD": {
      "identity": {
        "version": {
          "_cldrVersion": "26",
          "_number": "$Revision: 10669 $"
        },
        "generation": {
          "_date": "$Date: 2014-07-23 16:10:33 -0500 (Wed, 23 Jul 2014) $"
        },
        "language": "bn",
        "territory": "BD"
      },
      "localeDisplayNames": {
        "localeDisplayPattern": {
          "localePattern": "{0} ({1})",
          "localeSeparator": "{0}, {1}",
          "localeKeyTypePattern": "{0}: {1}"
        },
        "keys": {
          "calendar": "বর্ষপঞ্জী",
          "colAlternate": "প্রতীক বাছাইকরণ উপেক্ষা করুন",
          "colBackwards": "বিপরীত করা স্বরাঘাত বাছাইকরণ",
          "colCaseFirst": "বড়হাতের/ছোটহাতের অক্ষর ক্রম",
          "colCaseLevel": "কেস সংবেদী বাছাইকরণ",
          "colHiraganaQuaternary": "কানা বাছাইকরণ",
          "colNormalization": "স্বাভাবিককৃত বাছাইকরণ",
          "colNumeric": "সংখ্যাসূচক বাছাইকরণ",
          "colStrength": "বাছাইকরণ শক্তি",
          "collation": "বাছাই বিন্যাস",
          "currency": "মুদ্রা",
          "numbers": "সংখ্যাসমূহ",
          "timezone": "সময় জোন",
          "va": "স্থানীয় ভিন্নতা",
          "variableTop": "প্রতীক হিসেবে বাছাই করুন",
          "x": "বক্তিগত- ব্যবহার"
        },
        "types": {
          "numbers": {
            "arab": "আরবি-ভারতীয় সংখ্যা",
            "arabext": "প্রসারিত আরবি -ভারতীয় সংখ্যা",
            "armn": "আর্মেনীয় সংখ্যা",
            "armnlow": "আর্মেনীয় ছোটহাতের সংখ্যা",
            "bali": "bali",
            "beng": "বাংলা সংখ্যা"
          },
          "collation": {
            "big5han": "প্রথাগত চীনা সজ্জাক্রম - বিগ৫"
          },
          "numbers": {
            "brah": "brah"
          },
          "calendar": {
            "buddhist": "বৌদ্ধ বর্ষপঞ্জী"
          },
          "numbers": {
            "cakm": "cakm",
            "cham": "cham"
          },
          "calendar": {
            "chinese": "চীনা বর্ষপঞ্জী",
            "coptic": "কপটিক ক্যালেন্ডার",
            "dangi": "দাঙ্গী বর্ষপঞ্জী"
          },
          "numbers": {
            "deva": "দেবনাগরি সংখ্যা"
          },
          "collation": {
            "dictionary": "অভিধান বাছাই বিন্যাস",
            "ducet": "ডিফল্ট ইউনিকোড বাছাই বিন্যাস",
            "eor": "eor"
          },
          "numbers": {
            "ethi": "ইথীয়োপিক সংখ্যা"
          },
          "calendar": {
            "ethiopic": "ইথিওপিক ক্যালেন্ডার",
            "ethiopic-amete-alem": "ইথিওপিও আমেতে আলেম ক্যালেন্ডার"
          },
          "numbers": {
            "finance": "অর্থনৈতিক সংখ্যাসূচক",
            "fullwide": "পূর্ণ চওড়া সংখ্যা"
          },
          "collation": {
            "gb2312han": "সাধারণ চীনা সজ্জাক্রম - জিবি২৩১২"
          },
          "numbers": {
            "geor": "জর্জিয়ান সংখ্যা"
          },
          "calendar": {
            "gregorian": "গ্রিগোরিয়ান বর্ষপঞ্জী"
          },
          "numbers": {
            "grek": "গ্রিক সংখ্যা",
            "greklow": "গ্রীক ছোট হাতের সংখ্যা",
            "gujr": "গুজরাতি শংখ্যা",
            "guru": "গুরুমুখি সংখ্যা",
            "hanidec": "চৈনিক দশমিক সংখ্যা",
            "hans": "সরলিকৃত চৈনিক সংখ্যা",
            "hansfin": "সরলিকৃত চৈনিক আর্থিক সংখ্যা",
            "hant": "ঐতিহ্যাবাহী চৈনিক সংখ্যা",
            "hantfin": "ঐতিহ্যবাহী চৈনিক আর্থিক সংখ্যা",
            "hebr": "হিব্রু সংখ্যা"
          },
          "calendar": {
            "hebrew": "হিব্রু বর্ষপঞ্জী"
          },
          "colStrength": {
            "identical": "সমস্ত বাছাই করুন"
          },
          "calendar": {
            "indian": "ভারতীয় জাতীয় বর্ষপঞ্জী",
            "islamic": "ইসলামিক বর্ষপঞ্জী",
            "islamic-civil": "ইসলামিক-সিভিল বর্ষপঞ্জী",
            "islamic-rgsa": "islamic-rgsa",
            "islamic-tbla": "islamic-tbla",
            "islamic-umalqura": "islamic-umalqura",
            "iso8601": "ISO-8601 বর্ষপঞ্জী",
            "japanese": "জাপানি বর্ষপঞ্জী"
          },
          "numbers": {
            "java": "java",
            "jpan": "জাপানি সংখ্যা",
            "jpanfin": "জাপানি আর্থিক সংখ্যা",
            "kali": "kali",
            "khmr": "খেমের সংখ্যা",
            "knda": "কান্নাডা শংখ্যা",
            "lana": "lana",
            "lanatham": "lanatham",
            "laoo": "লাও সংখ্যা",
            "latn": "ওয়েস্টার্ন ডিজিট",
            "lepc": "lepc",
            "limb": "limb"
          },
          "colCaseFirst": {
            "lower": "প্রথমে ছোট হাতের অক্ষর বাছাই করুন"
          },
          "numbers": {
            "mlym": "মালয়ালম শংখ্যা",
            "mong": "মঙ্গোলীয় সংখ্যা",
            "mtei": "mtei",
            "mymr": "মায়ানমার সংখ্যা",
            "mymrshan": "mymrshan",
            "native": "স্থানীয় সংখ্যা",
            "nkoo": "nkoo"
          },
          "colBackwards": {
            "no": "স্বরাঘাত সাধারণতভাবে বাছাই করুন"
          },
          "colCaseFirst": {
            "no": "সাধারন কেস ক্রম বাছাই করুন"
          },
          "colCaseLevel": {
            "no": "কেস অসংবেদী বাছাই করুন"
          },
          "colHiraganaQuaternary": {
            "no": "কানা আলাদাভাবে বাছাই করুন"
          },
          "colNormalization": {
            "no": "স্বাভাবিক ছাড়া বাছাই করুন"
          },
          "colNumeric": {
            "no": "সংখ্যা পৃথকভাবে বাছাই করুন"
          },
          "colAlternate": {
            "non-ignorable": "প্রতীক বাছাই করুন"
          },
          "numbers": {
            "olck": "olck",
            "orya": "ওড়িয়া শংখ্যা",
            "osma": "osma"
          },
          "calendar": {
            "persian": "ফারসি ক্যালেন্ডার"
          },
          "collation": {
            "phonebook": "ফোনবুক সজ্জাক্রম",
            "phonetic": "ধ্বনি নির্দেশক বাছাই ক্রম",
            "pinyin": "পিনিন সজ্জাক্রম"
          },
          "colStrength": {
            "primary": "কেবল বুনিয়াদি বর্ণ বাছাই করুন",
            "quaternary": "স্বরাঘাত/কেস/প্রস্থ/কানা বাছাই করুন"
          },
          "collation": {
            "reformed": "রিফর্মড বাছাই বিন্যাস"
          },
          "calendar": {
            "roc": "মিঙ্গুও বর্ষপঞ্জী"
          },
          "numbers": {
            "roman": "রোমান সংখ্যা",
            "romanlow": "রোমান ছোটহাতের সংখ্যা",
            "saur": "saur"
          },
          "collation": {
            "search": "সাধারণ-উদ্দেশ্যে অনুসন্ধান",
            "searchjl": "হাঙ্গুল প্রাথমিক ব্যঞ্জনবর্ণ দ্বারা অনুসন্ধান করুন"
          },
          "colStrength": {
            "secondary": "স্বরাঘাত বাছাই করুন"
          },
          "colAlternate": {
            "shifted": "উপেক্ষা প্রতীক বাছাই করুন"
          },
          "numbers": {
            "shrd": "shrd",
            "sora": "sora"
          },
          "collation": {
            "standard": "আদর্শ বাছাই বিন্যাস",
            "stroke": "আবর্তিত সজ্জাক্রম"
          },
          "numbers": {
            "sund": "sund",
            "takr": "takr",
            "talu": "talu",
            "taml": "ঐতিহ্যবাহী তামিল সংখ্যা",
            "tamldec": "তামিল সংখ্যা",
            "telu": "তেলুগু সংখ্যা"
          },
          "colStrength": {
            "tertiary": "স্বরাঘাত/কেস/প্রস্থ বাছাই করুন"
          },
          "numbers": {
            "thai": "থাই সংখ্যা",
            "tibt": "তিব্বতি সংখ্যা"
          },
          "collation": {
            "traditional": "প্রথাগত সজ্জাক্রম"
          },
          "numbers": {
            "traditional": "ঐতিহ্যগত সংখ্যাসূচক"
          },
          "collation": {
            "unihan": "রাডিকেল স্ট্রোক বাছাই বিন্যাস"
          },
          "colCaseFirst": {
            "upper": "প্রথমে বড়হাতের অক্ষর বাছাই করুন"
          },
          "numbers": {
            "vaii": "ভাই সংখ্যা"
          },
          "colBackwards": {
            "yes": "স্বরাঘাত বিপরীত বাছাই করুন"
          },
          "colCaseLevel": {
            "yes": "কেস সংবেদী বাছাই করুন"
          },
          "colHiraganaQuaternary": {
            "yes": "কানা ভিন্নভাবে বাছাই করুন"
          },
          "colNormalization": {
            "yes": "স্বাভাবিকৃত ইউনিকোড বাছাই করুন"
          },
          "colNumeric": {
            "yes": "সংখ্যা সংখ্যাসূচকভাবে বাছাই করুন"
          },
          "collation": {
            "zhuyin": "zhuyin"
          }
        },
        "codePatterns": {
          "language": "ভাষা: {0}",
          "script": "লিপি: {0}",
          "territory": "অঞ্চল: {0}"
        }
      }
    }
  }
}
