{
  "main": {
    "bn-BD": {
      "identity": {
        "version": {
          "_cldrVersion": "26",
          "_number": "$Revision: 10669 $"
        },
        "generation": {
          "_date": "$Date: 2014-07-23 16:10:33 -0500 (Wed, 23 Jul 2014) $"
        },
        "language": "bn",
        "territory": "BD"
      },
      "dates": {
        "timeZoneNames": {
          "hourFormat": "+HH:mm;-HH:mm",
          "gmtFormat": "GMT {0}",
          "gmtZeroFormat": "GMT",
          "regionFormat": "{0} সময়",
          "regionFormat-type-standard": "{0} প্রমাণ সময়",
          "regionFormat-type-daylight": "{0} দিবালোক সময়",
          "fallbackFormat": "{1} ({0})",
          "zone": {
            "America": {
              "Adak": {
                "exemplarCity": "আডাক"
              },
              "Anchorage": {
                "exemplarCity": "এনকোরেজ"
              },
              "Anguilla": {
                "exemplarCity": "অ্যাঙ্গুইলা"
              },
              "Antigua": {
                "exemplarCity": "অ্যান্টিগুয়াগা"
              },
              "Araguaina": {
                "exemplarCity": "আরাগুয়াইনা"
              },
              "Argentina": {
                "La_Rioja": {
                  "exemplarCity": "লা রিওহা"
                },
                "Rio_Gallegos": {
                  "exemplarCity": "রিও গায়েগোস"
                },
                "Salta": {
                  "exemplarCity": "স্যালটা"
                },
                "San_Juan": {
                  "exemplarCity": "সান হুয়ান"
                },
                "San_Luis": {
                  "exemplarCity": "সান লুইস"
                },
                "Tucuman": {
                  "exemplarCity": "টুকুমান"
                },
                "Ushuaia": {
                  "exemplarCity": "উশুয়াইয়া"
                }
              },
              "Aruba": {
                "exemplarCity": "এরুবা"
              },
              "Asuncion": {
                "exemplarCity": "আসুনসিয়ন"
              },
              "Bahia": {
                "exemplarCity": "বাহিয়া"
              },
              "Bahia_Banderas": {
                "exemplarCity": "বাহিয়া বানড্রাস"
              },
              "Barbados": {
                "exemplarCity": "বার্বাডোজ"
              },
              "Belem": {
                "exemplarCity": "বেলেম"
              },
              "Belize": {
                "exemplarCity": "বেলিজ"
              },
              "Blanc-Sablon": {
                "exemplarCity": "ব্লাঙ্ক-সাব্লোন"
              },
              "Boa_Vista": {
                "exemplarCity": "বোয়া ভিস্তা"
              },
              "Bogota": {
                "exemplarCity": "বোগোটা"
              },
              "Boise": {
                "exemplarCity": "বয়জি"
              },
              "Buenos_Aires": {
                "exemplarCity": "বুয়েনোস আয়েরেস"
              },
              "Cambridge_Bay": {
                "exemplarCity": "কেমব্রিজ বে"
              },
              "Campo_Grande": {
                "exemplarCity": "কাম্পো গ্রান্ডে"
              },
              "Cancun": {
                "exemplarCity": "ক্যানকুন"
              },
              "Caracas": {
                "exemplarCity": "ক্যারাকাস"
              },
              "Catamarca": {
                "exemplarCity": "ক্যাটামার্কা"
              },
              "Cayenne": {
                "exemplarCity": "কাহেন"
              },
              "Cayman": {
                "exemplarCity": "কামেন"
              },
              "Chicago": {
                "exemplarCity": "শিকাগো"
              },
              "Chihuahua": {
                "exemplarCity": "চিহুয়াহুয়া"
              },
              "Coral_Harbour": {
                "exemplarCity": "কোরাল হার্বার"
              },
              "Cordoba": {
                "exemplarCity": "কর্ডোবা"
              },
              "Costa_Rica": {
                "exemplarCity": "কোস্টারিকা"
              },
              "Creston": {
                "exemplarCity": "ক্রিস্টান"
              },
              "Cuiaba": {
                "exemplarCity": "কুইয়াবা"
              },
              "Curacao": {
                "exemplarCity": "কুরাসাও"
              },
              "Danmarkshavn": {
                "exemplarCity": "ডানমার্কশ্যাভন"
              },
              "Dawson": {
                "exemplarCity": "ডসোন"
              },
              "Dawson_Creek": {
                "exemplarCity": "ডসোন ক্রিক"
              },
              "Denver": {
                "exemplarCity": "ডেনভার"
              },
              "Detroit": {
                "exemplarCity": "ডেট্রোইট"
              },
              "Dominica": {
                "exemplarCity": "ডোমিনিকা"
              },
              "Edmonton": {
                "exemplarCity": "এডমন্টোন"
              },
              "Eirunepe": {
                "exemplarCity": "আইরুনেপে"
              },
              "El_Salvador": {
                "exemplarCity": "এল সালভাদোর"
              },
              "Fortaleza": {
                "exemplarCity": "ফোর্টালেজা"
              },
              "Glace_Bay": {
                "exemplarCity": "গ্লাস বে"
              },
              "Godthab": {
                "exemplarCity": "নুক"
              },
              "Goose_Bay": {
                "exemplarCity": "গুস বে"
              },
              "Grand_Turk": {
                "exemplarCity": "গ্র্যান্ড তুর্ক"
              },
              "Grenada": {
                "exemplarCity": "গ্রেনাডা"
              },
              "Guadeloupe": {
                "exemplarCity": "গুয়াদেলোপ"
              },
              "Guatemala": {
                "exemplarCity": "গুয়াতেমালা"
              },
              "Guayaquil": {
                "exemplarCity": "গোয়াইয়াকিল"
              },
              "Guyana": {
                "exemplarCity": "গায়ানা"
              },
              "Halifax": {
                "exemplarCity": "হ্যালিফ্যাক্স"
              },
              "Havana": {
                "exemplarCity": "হাভানা"
              },
              "Hermosillo": {
                "exemplarCity": "হারমোসিল্লো"
              },
              "Indiana": {
                "Knox": {
                  "exemplarCity": "নক্স, ইন্ডিয়ানা"
                },
                "Marengo": {
                  "exemplarCity": "মারেঙ্গো, ইন্ডিয়ানা"
                },
                "Petersburg": {
                  "exemplarCity": "পিটারর্সবার্গ, ইন্ডিয়ানা"
                },
                "Tell_City": {
                  "exemplarCity": "টেলসিটি, ইন্ডিয়ানা"
                },
                "Vevay": {
                  "exemplarCity": "ভেভেয়, ইন্ডিয়ানা"
                },
                "Vincennes": {
                  "exemplarCity": "ভিনসেন্নেস, ইন্ডিয়ানা"
                },
                "Winamac": {
                  "exemplarCity": "উইনাম্যাক, ইন্ডিয়ানা"
                }
              },
              "Indianapolis": {
                "exemplarCity": "ইন্ডিয়ানাপোলিস"
              },
              "Inuvik": {
                "exemplarCity": "ইনুভ্যাক"
              },
              "Iqaluit": {
                "exemplarCity": "ইকুয়ালুইট"
              },
              "Jamaica": {
                "exemplarCity": "জামাইকা"
              },
              "Jujuy": {
                "exemplarCity": "হুহুই"
              },
              "Juneau": {
                "exemplarCity": "জুনো"
              },
              "Kentucky": {
                "Monticello": {
                  "exemplarCity": "মন্টিচেলো, কেন্টাকি"
                }
              },
              "Kralendijk": {
                "exemplarCity": "ক্রেলেন্ডাজিক"
              },
              "La_Paz": {
                "exemplarCity": "লা পাজ"
              },
              "Lima": {
                "exemplarCity": "লিমা"
              },
              "Los_Angeles": {
                "exemplarCity": "লস এ্যাঞ্জেলেস"
              },
              "Louisville": {
                "exemplarCity": "লুইসভিল"
              },
              "Lower_Princes": {
                "exemplarCity": "লোয়ার প্রিন্সেস কোয়ার্টার"
              },
              "Maceio": {
                "exemplarCity": "মাসেয়ো"
              },
              "Managua": {
                "exemplarCity": "মানাগুয়া"
              },
              "Manaus": {
                "exemplarCity": "মানাউস"
              },
              "Marigot": {
                "exemplarCity": "মারিগো"
              },
              "Martinique": {
                "exemplarCity": "মারটিনিক"
              },
              "Matamoros": {
                "exemplarCity": "মাতামোরস"
              },
              "Mazatlan": {
                "exemplarCity": "মাজাটলান"
              },
              "Mendoza": {
                "exemplarCity": "মেন্ডোজা"
              },
              "Menominee": {
                "exemplarCity": "মেনোমিনি"
              },
              "Merida": {
                "exemplarCity": "মেরিডা"
              },
              "Metlakatla": {
                "exemplarCity": "ম্যাকওয়ারি"
              },
              "Mexico_City": {
                "exemplarCity": "মেক্সিকো সিটি"
              },
              "Miquelon": {
                "exemplarCity": "মিকুলন"
              },
              "Moncton": {
                "exemplarCity": "মঙ্কটোন"
              },
              "Monterrey": {
                "exemplarCity": "মন্টেরি"
              },
              "Montevideo": {
                "exemplarCity": "মন্টেভিডিও"
              },
              "Montserrat": {
                "exemplarCity": "মন্তসেরাত"
              },
              "Nassau": {
                "exemplarCity": "নাসাউ"
              },
              "New_York": {
                "exemplarCity": "নিউইয়র্ক"
              },
              "Nipigon": {
                "exemplarCity": "নিপিগোন"
              },
              "Nome": {
                "exemplarCity": "নোম"
              },
              "Noronha": {
                "exemplarCity": "নরোন্‌হা"
              },
              "North_Dakota": {
                "Beulah": {
                  "exemplarCity": "বেউলা, উত্তর ডাকোটা"
                },
                "Center": {
                  "exemplarCity": "মধ্য, উত্তর ডাকোটা"
                },
                "New_Salem": {
                  "exemplarCity": "নিউ সালেম, উত্তর ডাকোটা"
                }
              },
              "Ojinaga": {
                "exemplarCity": "ওজিঙ্গা"
              },
              "Panama": {
                "exemplarCity": "পানামা"
              },
              "Pangnirtung": {
                "exemplarCity": "প্যাঙ্গনির্টুং"
              },
              "Paramaribo": {
                "exemplarCity": "প্যারামেরিবো"
              },
              "Phoenix": {
                "exemplarCity": "ফিনিক্স"
              },
              "Port-au-Prince": {
                "exemplarCity": "পোর্ট-অহ-প্রিন্স"
              },
              "Port_of_Spain": {
                "exemplarCity": "পোর্ট অফ স্পেন"
              },
              "Porto_Velho": {
                "exemplarCity": "পোর্তো ভেল্‌হো"
              },
              "Puerto_Rico": {
                "exemplarCity": "পুয়েরতো রিকো"
              },
              "Rainy_River": {
                "exemplarCity": "রেইনি রিভার"
              },
              "Rankin_Inlet": {
                "exemplarCity": "র‌্যাঙ্কিন ইনলেট"
              },
              "Recife": {
                "exemplarCity": "রেসিফে"
              },
              "Regina": {
                "exemplarCity": "রেজিনা"
              },
              "Resolute": {
                "exemplarCity": "রেসোলুট"
              },
              "Rio_Branco": {
                "exemplarCity": "রিও ব্রাঙ্কো"
              },
              "Santa_Isabel": {
                "exemplarCity": "সান্তা ইসাবেল"
              },
              "Santarem": {
                "exemplarCity": "সেনটুরেম"
              },
              "Santiago": {
                "exemplarCity": "সান্টিয়াগো"
              },
              "Santo_Domingo": {
                "exemplarCity": "স্যান্টো ডোমিংগো"
              },
              "Sao_Paulo": {
                "exemplarCity": "সাও পাউলো"
              },
              "Scoresbysund": {
                "exemplarCity": "ইটকুয়োরটুরমিট"
              },
              "Sitka": {
                "exemplarCity": "শিটকা"
              },
              "St_Barthelemy": {
                "exemplarCity": "সেন্ট.বার্থেলেমি"
              },
              "St_Johns": {
                "exemplarCity": "সেন্ট জন্স"
              },
              "St_Kitts": {
                "exemplarCity": "সেন্ট. কিটস"
              },
              "St_Lucia": {
                "exemplarCity": "সেন্ট. লুসিয়া"
              },
              "St_Thomas": {
                "exemplarCity": "সেন্ট. থমাস"
              },
              "St_Vincent": {
                "exemplarCity": "সেন্ট. ভিনসেন্ট"
              },
              "Swift_Current": {
                "exemplarCity": "সুইফ্ট কারেন্ট"
              },
              "Tegucigalpa": {
                "exemplarCity": "তেগুসিগালপা"
              },
              "Thule": {
                "exemplarCity": "থুলি"
              },
              "Thunder_Bay": {
                "exemplarCity": "থান্ডার বে"
              },
              "Tijuana": {
                "exemplarCity": "তিজুয়ানা"
              },
              "Toronto": {
                "exemplarCity": "টোরন্টো"
              },
              "Tortola": {
                "exemplarCity": "টরটোলা"
              },
              "Vancouver": {
                "exemplarCity": "ভ্যাঙ্কুভার"
              },
              "Whitehorse": {
                "exemplarCity": "হোয়াইটহর্স"
              },
              "Winnipeg": {
                "exemplarCity": "উইনিপেগ"
              },
              "Yakutat": {
                "exemplarCity": "ইয়াকুটাট"
              },
              "Yellowknife": {
                "exemplarCity": "ইয়েলোনাইফ"
              }
            },
            "Atlantic": {
              "Azores": {
                "exemplarCity": "আজোরেস"
              },
              "Bermuda": {
                "exemplarCity": "বারমুডা"
              },
              "Canary": {
                "exemplarCity": "কানেরি"
              },
              "Cape_Verde": {
                "exemplarCity": "কেপ ভার্দ"
              },
              "Faeroe": {
                "exemplarCity": "ফ্যারো"
              },
              "Madeira": {
                "exemplarCity": "মাডেইরা"
              },
              "Reykjavik": {
                "exemplarCity": "রিকজাভিক"
              },
              "South_Georgia": {
                "exemplarCity": "দক্ষিণ জর্জিয়া"
              },
              "St_Helena": {
                "exemplarCity": "সেন্ট. হেলেনা"
              },
              "Stanley": {
                "exemplarCity": "স্টানলী"
              }
            },
            "Europe": {
              "Amsterdam": {
                "exemplarCity": "আমস্টারডাম"
              },
              "Andorra": {
                "exemplarCity": "অ্যান্ডোরা"
              },
              "Athens": {
                "exemplarCity": "এথেন্স"
              },
              "Belgrade": {
                "exemplarCity": "বেলগ্রেড"
              },
              "Berlin": {
                "exemplarCity": "বার্লিন"
              },
              "Bratislava": {
                "exemplarCity": "ব্রাতিস্লাভা"
              },
              "Brussels": {
                "exemplarCity": "ব্রাসেলস"
              },
              "Bucharest": {
                "exemplarCity": "বুখারেস্ট"
              },
              "Budapest": {
                "exemplarCity": "বুডাপেস্ট"
              },
              "Busingen": {
                "exemplarCity": "বুসিনগেন"
              },
              "Chisinau": {
                "exemplarCity": "কিসিনাহু"
              },
              "Copenhagen": {
                "exemplarCity": "কোপেনহেগেন"
              },
              "Dublin": {
                "long": {
                  "daylight": "আইরিশ গ্রীষ্মকালীন সময়"
                },
                "exemplarCity": "ডাবলিন"
              },
              "Gibraltar": {
                "exemplarCity": "জিব্রাল্টার"
              },
              "Guernsey": {
                "exemplarCity": "গেরেনজি"
              },
              "Helsinki": {
                "exemplarCity": "হেলসিঙ্কি"
              },
              "Isle_of_Man": {
                "exemplarCity": "আইল অফ ম্যান"
              },
              "Istanbul": {
                "exemplarCity": "ইস্তানবুল"
              },
              "Jersey": {
                "exemplarCity": "জার্সি"
              },
              "Kaliningrad": {
                "exemplarCity": "কালিনিঙগ্রাড"
              },
              "Kiev": {
                "exemplarCity": "কিয়েভ"
              },
              "Lisbon": {
                "exemplarCity": "লিসবন"
              },
              "Ljubljana": {
                "exemplarCity": "লুবলিয়ানা"
              },
              "London": {
                "long": {
                  "daylight": "ব্রিটিশ গ্রীষ্মকালীন সময়"
                },
                "exemplarCity": "লন্ডন"
              },
              "Luxembourg": {
                "exemplarCity": "লুক্সেমবার্গ"
              },
              "Madrid": {
                "exemplarCity": "মাদ্রিদ"
              },
              "Malta": {
                "exemplarCity": "মল্টা"
              },
              "Mariehamn": {
                "exemplarCity": "মরিয়েহামেন"
              },
              "Minsk": {
                "exemplarCity": "মিন্সক"
              },
              "Monaco": {
                "exemplarCity": "মোনাকো"
              },
              "Moscow": {
                "exemplarCity": "মস্কো"
              },
              "Oslo": {
                "exemplarCity": "অসলো"
              },
              "Paris": {
                "exemplarCity": "প্যারিস"
              },
              "Podgorica": {
                "exemplarCity": "পডগরিত্সা"
              },
              "Prague": {
                "exemplarCity": "প্রাগ"
              },
              "Riga": {
                "exemplarCity": "রিগা"
              },
              "Rome": {
                "exemplarCity": "রোম"
              },
              "Samara": {
                "exemplarCity": "সামারা"
              },
              "San_Marino": {
                "exemplarCity": "সান মেরিনো"
              },
              "Sarajevo": {
                "exemplarCity": "সারাজিভো"
              },
              "Simferopol": {
                "exemplarCity": "সিমফেরোপোল"
              },
              "Skopje": {
                "exemplarCity": "স্কপয়ে"
              },
              "Sofia": {
                "exemplarCity": "সোফিয়া"
              },
              "Stockholm": {
                "exemplarCity": "স্টকহোম"
              },
              "Tallinn": {
                "exemplarCity": "তাহলিন"
              },
              "Tirane": {
                "exemplarCity": "তিরানা"
              },
              "Uzhgorod": {
                "exemplarCity": "উঝগোরোড"
              },
              "Vaduz": {
                "exemplarCity": "ভাদুজ"
              },
              "Vatican": {
                "exemplarCity": "ভাটিকান"
              },
              "Vienna": {
                "exemplarCity": "ভিয়েনা"
              },
              "Vilnius": {
                "exemplarCity": "ভিলনিওস"
              },
              "Volgograd": {
                "exemplarCity": "ভোল্গোগ্রাদ"
              },
              "Warsaw": {
                "exemplarCity": "ওয়ারশ"
              },
              "Zagreb": {
                "exemplarCity": "জাগ্রেব"
              },
              "Zaporozhye": {
                "exemplarCity": "জাপোরোঝা"
              },
              "Zurich": {
                "exemplarCity": "জুরিখ"
              }
            },
            "Africa": {
              "Abidjan": {
                "exemplarCity": "আবিদজান"
              },
              "Accra": {
                "exemplarCity": "আক্রা"
              },
              "Addis_Ababa": {
                "exemplarCity": "আদ্দিস আবাবা"
              },
              "Algiers": {
                "exemplarCity": "আলজিয়ার্স"
              },
              "Asmera": {
                "exemplarCity": "অ্যাসমারাহু"
              },
              "Bamako": {
                "exemplarCity": "বাম্যাকো"
              },
              "Bangui": {
                "exemplarCity": "বাঙ্গুল"
              },
              "Banjul": {
                "exemplarCity": "বাঞ্জুল"
              },
              "Bissau": {
                "exemplarCity": "বিসোউ"
              },
              "Blantyre": {
                "exemplarCity": "ব্ল্যানটায়ের"
              },
              "Brazzaville": {
                "exemplarCity": "ব্রাজউহভিল"
              },
              "Bujumbura": {
                "exemplarCity": "বুজুমবুরহু"
              },
              "Cairo": {
                "exemplarCity": "কায়রো"
              },
              "Casablanca": {
                "exemplarCity": "কাসাব্লাঙ্কা"
              },
              "Ceuta": {
                "exemplarCity": "সেউটা"
              },
              "Conakry": {
                "exemplarCity": "কনাক্রি"
              },
              "Dakar": {
                "exemplarCity": "ডাকার"
              },
              "Dar_es_Salaam": {
                "exemplarCity": "দার এস সালাম"
              },
              "Djibouti": {
                "exemplarCity": "জিবুটি"
              },
              "Douala": {
                "exemplarCity": "ডোয়ালা"
              },
              "El_Aaiun": {
                "exemplarCity": "এল আহইউন"
              },
              "Freetown": {
                "exemplarCity": "ফ্রীটাউন"
              },
              "Gaborone": {
                "exemplarCity": "গ্যাবুরনি"
              },
              "Harare": {
                "exemplarCity": "হারারে"
              },
              "Johannesburg": {
                "exemplarCity": "জোহানেসবার্গ"
              },
              "Juba": {
                "exemplarCity": "জুবা"
              },
              "Kampala": {
                "exemplarCity": "কামপালা"
              },
              "Khartoum": {
                "exemplarCity": "খার্তুম"
              },
              "Kigali": {
                "exemplarCity": "কিগালি"
              },
              "Kinshasa": {
                "exemplarCity": "কিনশাসা"
              },
              "Lagos": {
                "exemplarCity": "লাগোস"
              },
              "Libreville": {
                "exemplarCity": "লিব্রুভিল"
              },
              "Lome": {
                "exemplarCity": "লোমায়"
              },
              "Luanda": {
                "exemplarCity": "লোয়ান্ডা"
              },
              "Lubumbashi": {
                "exemplarCity": "লুবুম্বাশি"
              },
              "Lusaka": {
                "exemplarCity": "লুসাকা"
              },
              "Malabo": {
                "exemplarCity": "মালাবো"
              },
              "Maputo": {
                "exemplarCity": "মাপুতো"
              },
              "Maseru": {
                "exemplarCity": "মাহসুরু"
              },
              "Mbabane": {
                "exemplarCity": "অমবাবান"
              },
              "Mogadishu": {
                "exemplarCity": "মাওগাদিসু"
              },
              "Monrovia": {
                "exemplarCity": "মনরোভিয়া"
              },
              "Nairobi": {
                "exemplarCity": "নাইরোবি"
              },
              "Ndjamena": {
                "exemplarCity": "এনজমেনা"
              },
              "Niamey": {
                "exemplarCity": "নিয়ামে"
              },
              "Nouakchott": {
                "exemplarCity": "নোয়াকশট"
              },
              "Ouagadougou": {
                "exemplarCity": "ওয়াহগুডোগু"
              },
              "Porto-Novo": {
                "exemplarCity": "পোর্টো-নোভো"
              },
              "Sao_Tome": {
                "exemplarCity": "সাও টোম"
              },
              "Tripoli": {
                "exemplarCity": "ত্রিপোলি"
              },
              "Tunis": {
                "exemplarCity": "টিউনিস"
              },
              "Windhoek": {
                "exemplarCity": "উইনধোক"
              }
            },
            "Asia": {
              "Aden": {
                "exemplarCity": "আহদেন"
              },
              "Almaty": {
                "exemplarCity": "আলমাটি"
              },
              "Amman": {
                "exemplarCity": "আম্মান"
              },
              "Anadyr": {
                "exemplarCity": "অ্যানাডির"
              },
              "Aqtau": {
                "exemplarCity": "আকটাউ"
              },
              "Aqtobe": {
                "exemplarCity": "আকটোবে"
              },
              "Ashgabat": {
                "exemplarCity": "আশগুবাদ"
              },
              "Baghdad": {
                "exemplarCity": "বাগদাদ"
              },
              "Bahrain": {
                "exemplarCity": "বাহরিন"
              },
              "Baku": {
                "exemplarCity": "বাকু"
              },
              "Bangkok": {
                "exemplarCity": "ব্যাংকক"
              },
              "Beirut": {
                "exemplarCity": "বেইরুট"
              },
              "Bishkek": {
                "exemplarCity": "বিশকেক"
              },
              "Brunei": {
                "exemplarCity": "ব্রুনেই"
              },
              "Calcutta": {
                "exemplarCity": "কলকাতা"
              },
              "Chita": {
                "exemplarCity": "Chita"
              },
              "Choibalsan": {
                "exemplarCity": "চোইবাল্‌স্যান"
              },
              "Chongqing": {
                "exemplarCity": "চোঙকিং"
              },
              "Colombo": {
                "exemplarCity": "কলম্বো"
              },
              "Damascus": {
                "exemplarCity": "দামাস্কাস"
              },
              "Dhaka": {
                "exemplarCity": "ঢাকা"
              },
              "Dili": {
                "exemplarCity": "দিলি"
              },
              "Dubai": {
                "exemplarCity": "দুবাই"
              },
              "Dushanbe": {
                "exemplarCity": "দুশানবে"
              },
              "Gaza": {
                "exemplarCity": "গাজা"
              },
              "Harbin": {
                "exemplarCity": "হার্বিন"
              },
              "Hebron": {
                "exemplarCity": "হেব্রোন"
              },
              "Hong_Kong": {
                "exemplarCity": "হং কং"
              },
              "Hovd": {
                "exemplarCity": "হোভ্ড"
              },
              "Irkutsk": {
                "exemplarCity": "ইর্কুট্স্ক"
              },
              "Jakarta": {
                "exemplarCity": "জাকার্তা"
              },
              "Jayapura": {
                "exemplarCity": "জয়াপুরা"
              },
              "Jerusalem": {
                "exemplarCity": "জেরুজালেম"
              },
              "Kabul": {
                "exemplarCity": "কাবুল"
              },
              "Kamchatka": {
                "exemplarCity": "কামচাটকা"
              },
              "Karachi": {
                "exemplarCity": "করাচি"
              },
              "Kashgar": {
                "exemplarCity": "ক্যাশগার"
              },
              "Katmandu": {
                "exemplarCity": "কাঠমান্ডু"
              },
              "Khandyga": {
                "exemplarCity": "খানডিয়াগা"
              },
              "Krasnoyarsk": {
                "exemplarCity": "ক্রাসনোইয়ার্স্ক"
              },
              "Kuala_Lumpur": {
                "exemplarCity": "কুয়ালালামপুর"
              },
              "Kuching": {
                "exemplarCity": "কুচিং"
              },
              "Kuwait": {
                "exemplarCity": "কুয়েত"
              },
              "Macau": {
                "exemplarCity": "ম্যাকাও"
              },
              "Magadan": {
                "exemplarCity": "ম্যাগাডান"
              },
              "Makassar": {
                "exemplarCity": "মাকাসসার"
              },
              "Manila": {
                "exemplarCity": "ম্যানিলা"
              },
              "Muscat": {
                "exemplarCity": "মাসকাট"
              },
              "Nicosia": {
                "exemplarCity": "নিকোসিয়া"
              },
              "Novokuznetsk": {
                "exemplarCity": "নভকুয়েতস্নক"
              },
              "Novosibirsk": {
                "exemplarCity": "নভোসিবির্স্ক"
              },
              "Omsk": {
                "exemplarCity": "ওম্স্ক"
              },
              "Oral": {
                "exemplarCity": "ওরাল"
              },
              "Phnom_Penh": {
                "exemplarCity": "নম পেন"
              },
              "Pontianak": {
                "exemplarCity": "পন্টিয়ান্যাক"
              },
              "Pyongyang": {
                "exemplarCity": "পিয়ংইয়ং"
              },
              "Qatar": {
                "exemplarCity": "কাতার"
              },
              "Qyzylorda": {
                "exemplarCity": "কিজিলর্ডা"
              },
              "Rangoon": {
                "exemplarCity": "রেঙ্গুন"
              },
              "Riyadh": {
                "exemplarCity": "রিয়াধ"
              },
              "Saigon": {
                "exemplarCity": "হো চি মিন শহর"
              },
              "Sakhalin": {
                "exemplarCity": "সাখালিন"
              },
              "Samarkand": {
                "exemplarCity": "সমরখন্দ"
              },
              "Seoul": {
                "exemplarCity": "সোল"
              },
              "Shanghai": {
                "exemplarCity": "সাংঘাই"
              },
              "Singapore": {
                "exemplarCity": "সিঙ্গাপুর"
              },
              "Srednekolymsk": {
                "exemplarCity": "Srednekolymsk"
              },
              "Taipei": {
                "exemplarCity": "তাইপেই"
              },
              "Tashkent": {
                "exemplarCity": "তাসখন্দ"
              },
              "Tbilisi": {
                "exemplarCity": "তুবুলিসি"
              },
              "Tehran": {
                "exemplarCity": "তেহেরান"
              },
              "Thimphu": {
                "exemplarCity": "থিম্ফু"
              },
              "Tokyo": {
                "exemplarCity": "টোকিও"
              },
              "Ulaanbaatar": {
                "exemplarCity": "উলানবাতার"
              },
              "Urumqi": {
                "exemplarCity": "উরুমকি"
              },
              "Ust-Nera": {
                "exemplarCity": "উস্ত- নেরা"
              },
              "Vientiane": {
                "exemplarCity": "ভিয়েনতায়েন"
              },
              "Vladivostok": {
                "exemplarCity": "ভ্লাদিভস্তোক"
              },
              "Yakutsk": {
                "exemplarCity": "ইয়াকুট্স্ক"
              },
              "Yekaterinburg": {
                "exemplarCity": "ইয়েকাটেরিনবার্গ"
              },
              "Yerevan": {
                "exemplarCity": "ইয়েরাভান"
              }
            },
            "Indian": {
              "Antananarivo": {
                "exemplarCity": "আন্তুনানারিভো"
              },
              "Chagos": {
                "exemplarCity": "ছাগোস"
              },
              "Christmas": {
                "exemplarCity": "বড়দিন"
              },
              "Cocos": {
                "exemplarCity": "কোকোস"
              },
              "Comoro": {
                "exemplarCity": "কোমোরো"
              },
              "Kerguelen": {
                "exemplarCity": "কার্গুলেন"
              },
              "Mahe": {
                "exemplarCity": "মাহে"
              },
              "Maldives": {
                "exemplarCity": "মালদ্বীপ"
              },
              "Mauritius": {
                "exemplarCity": "মরিশাস"
              },
              "Mayotte": {
                "exemplarCity": "মায়োতো"
              },
              "Reunion": {
                "exemplarCity": "রিইউনিয়ন"
              }
            },
            "Australia": {
              "Adelaide": {
                "exemplarCity": "এ্যাডেলেইড"
              },
              "Brisbane": {
                "exemplarCity": "ব্রিসবেন"
              },
              "Broken_Hill": {
                "exemplarCity": "ব্রোকেন হিল"
              },
              "Currie": {
                "exemplarCity": "কিউরি"
              },
              "Darwin": {
                "exemplarCity": "ডারউইন"
              },
              "Eucla": {
                "exemplarCity": "ইউক্লা"
              },
              "Hobart": {
                "exemplarCity": "হোবার্ট"
              },
              "Lindeman": {
                "exemplarCity": "লিনডেম্যান"
              },
              "Lord_Howe": {
                "exemplarCity": "লর্ড হাও"
              },
              "Melbourne": {
                "exemplarCity": "মেলবার্ন"
              },
              "Perth": {
                "exemplarCity": "পার্থ"
              },
              "Sydney": {
                "exemplarCity": "সিডনি"
              }
            },
            "Pacific": {
              "Apia": {
                "exemplarCity": "আপিয়া"
              },
              "Auckland": {
                "exemplarCity": "অকল্যান্ড"
              },
              "Chatham": {
                "exemplarCity": "চ্যাঠাম"
              },
              "Easter": {
                "exemplarCity": "ইস্টার"
              },
              "Efate": {
                "exemplarCity": "ইফাতে"
              },
              "Enderbury": {
                "exemplarCity": "এন্ডারবারি"
              },
              "Fakaofo": {
                "exemplarCity": "ফ্যাকাওফো"
              },
              "Fiji": {
                "exemplarCity": "ফিজি"
              },
              "Funafuti": {
                "exemplarCity": "ফুনাফুটি"
              },
              "Galapagos": {
                "exemplarCity": "গ্যালাপ্যাগোস"
              },
              "Gambier": {
                "exemplarCity": "গাম্বিয়ের"
              },
              "Guadalcanal": {
                "exemplarCity": "গোয়াদালকুনাল"
              },
              "Guam": {
                "exemplarCity": "গুয়াম"
              },
              "Honolulu": {
                "exemplarCity": "হনোলুলু"
              },
              "Johnston": {
                "exemplarCity": "জনস্টন"
              },
              "Kiritimati": {
                "exemplarCity": "কিরিতিমাতি"
              },
              "Kosrae": {
                "exemplarCity": "কোসরায়"
              },
              "Kwajalein": {
                "exemplarCity": "কোয়াজালেইন"
              },
              "Majuro": {
                "exemplarCity": "মাজুরো"
              },
              "Marquesas": {
                "exemplarCity": "মার্কেসাস"
              },
              "Midway": {
                "exemplarCity": "মিডওয়ে"
              },
              "Nauru": {
                "exemplarCity": "নাউরু"
              },
              "Niue": {
                "exemplarCity": "নিউয়ি"
              },
              "Norfolk": {
                "exemplarCity": "নরফক"
              },
              "Noumea": {
                "exemplarCity": "নুমিয়া"
              },
              "Pago_Pago": {
                "exemplarCity": "প্যাগো প্যাগো"
              },
              "Palau": {
                "exemplarCity": "পালাউ"
              },
              "Pitcairn": {
                "exemplarCity": "পিটকেয়ার্ন"
              },
              "Ponape": {
                "exemplarCity": "পোনাপে"
              },
              "Port_Moresby": {
                "exemplarCity": "পোর্ট মৌরজবি"
              },
              "Rarotonga": {
                "exemplarCity": "রারউহতুঙ্গা"
              },
              "Saipan": {
                "exemplarCity": "সাইপান"
              },
              "Tahiti": {
                "exemplarCity": "তাহিতি"
              },
              "Tarawa": {
                "exemplarCity": "টারাওয়া"
              },
              "Tongatapu": {
                "exemplarCity": "টোঙ্গাটাপু"
              },
              "Truk": {
                "exemplarCity": "ট্রুক"
              },
              "Wake": {
                "exemplarCity": "ওয়েক"
              },
              "Wallis": {
                "exemplarCity": "ওলিস"
              }
            },
            "Arctic": {
              "Longyearbyen": {
                "exemplarCity": "লঞ্জিয়বিয়েঁন"
              }
            },
            "Antarctica": {
              "Casey": {
                "exemplarCity": "কেইসি"
              },
              "Davis": {
                "exemplarCity": "ডেভিস"
              },
              "DumontDUrville": {
                "exemplarCity": "ডুমন্ট ডি’উরভিল"
              },
              "Macquarie": {
                "exemplarCity": "ম্যাককুয়্যারি"
              },
              "Mawson": {
                "exemplarCity": "মসোন"
              },
              "McMurdo": {
                "exemplarCity": "ম্যাকমুর্ডো"
              },
              "Palmer": {
                "exemplarCity": "পালমার"
              },
              "Rothera": {
                "exemplarCity": "রথেরা"
              },
              "Syowa": {
                "exemplarCity": "সিওয়া"
              },
              "Troll": {
                "exemplarCity": "ট্রল"
              },
              "Vostok": {
                "exemplarCity": "ভস্টোক"
              }
            },
            "Etc": {
              "GMT": {
                "exemplarCity": "GMT"
              },
              "GMT1": {
                "exemplarCity": "GMT+1"
              },
              "GMT10": {
                "exemplarCity": "GMT+10"
              },
              "GMT11": {
                "exemplarCity": "GMT+11"
              },
              "GMT12": {
                "exemplarCity": "GMT+12"
              },
              "GMT2": {
                "exemplarCity": "GMT+2"
              },
              "GMT3": {
                "exemplarCity": "GMT+3"
              },
              "GMT4": {
                "exemplarCity": "GMT+4"
              },
              "GMT5": {
                "exemplarCity": "GMT+5"
              },
              "GMT6": {
                "exemplarCity": "GMT+6"
              },
              "GMT7": {
                "exemplarCity": "GMT+7"
              },
              "GMT8": {
                "exemplarCity": "GMT+8"
              },
              "GMT9": {
                "exemplarCity": "GMT+9"
              },
              "GMT-1": {
                "exemplarCity": "GMT-1"
              },
              "GMT-10": {
                "exemplarCity": "GMT-10"
              },
              "GMT-11": {
                "exemplarCity": "GMT-11"
              },
              "GMT-12": {
                "exemplarCity": "GMT-12"
              },
              "GMT-13": {
                "exemplarCity": "GMT-13"
              },
              "GMT-14": {
                "exemplarCity": "GMT-14"
              },
              "GMT-2": {
                "exemplarCity": "GMT-2"
              },
              "GMT-3": {
                "exemplarCity": "GMT-3"
              },
              "GMT-4": {
                "exemplarCity": "GMT-4"
              },
              "GMT-5": {
                "exemplarCity": "GMT-5"
              },
              "GMT-6": {
                "exemplarCity": "GMT-6"
              },
              "GMT-7": {
                "exemplarCity": "GMT-7"
              },
              "GMT-8": {
                "exemplarCity": "GMT-8"
              },
              "GMT-9": {
                "exemplarCity": "GMT-9"
              },
              "Unknown": {
                "exemplarCity": "অজানা শহর"
              }
            }
          },
          "metazone": {
            "Acre": {
              "long": {
                "generic": "একর সময়",
                "standard": "একর মানক সময়",
                "daylight": "একর গ্রীষ্মকাল সময়"
              }
            },
            "Afghanistan": {
              "long": {
                "standard": "আফগানিস্তান সময়"
              }
            },
            "Africa_Central": {
              "long": {
                "standard": "মধ্য আফ্রিকা সময়"
              }
            },
            "Africa_Eastern": {
              "long": {
                "standard": "পূর্ব আফ্রিকা সময়"
              }
            },
            "Africa_Southern": {
              "long": {
                "standard": "দক্ষিণ আফ্রিকা মানক সময়"
              }
            },
            "Africa_Western": {
              "long": {
                "generic": "পশ্চিম আফ্রিকা সময়",
                "standard": "পশ্চিম আফ্রিকা মানক সময়",
                "daylight": "পশ্চিম আফ্রিকা গ্রীষ্মকালীন সময়"
              }
            },
            "Alaska": {
              "long": {
                "generic": "আলাস্কা সময়",
                "standard": "আলাস্কা মানক সময়",
                "daylight": "আলাস্কা দিবালোক সময়"
              }
            },
            "Almaty": {
              "long": {
                "generic": "আল্মাটি সময়",
                "standard": "আল্মাটি মানক সময়",
                "daylight": "আল্মাটি গ্রীষ্মকাল সময়"
              }
            },
            "Amazon": {
              "long": {
                "generic": "অ্যামাজন সময়",
                "standard": "আমাজন মানক সময়",
                "daylight": "অ্যামাজন গ্রীষ্মকালীন সময়"
              }
            },
            "America_Central": {
              "long": {
                "generic": "উত্তর আমেরিকার মধ্যবর্তী অঞ্চলের সময়",
                "standard": "উত্তর আমেরিকার মধ্যবর্তী অঞ্চলের প্রমাণ সময়",
                "daylight": "উত্তর আমেরিকার মধ্যবর্তী অঞ্চলের দিনের সময়"
              }
            },
            "America_Eastern": {
              "long": {
                "generic": "উত্তর আমেরিকার পূর্বাঞ্চলীয় সময়",
                "standard": "উত্তর আমেরিকার পূর্বাঞ্চলের প্রমাণ সময়",
                "daylight": "উত্তর আমেরিকার পূর্বাঞ্চলের দিনের সময়"
              }
            },
            "America_Mountain": {
              "long": {
                "generic": "উত্তর আমেরিকার পার্বত্য অঞ্চলের সময়",
                "standard": "উত্তর আমেরিকার পার্বত্য অঞ্চলের প্রমাণ সময়",
                "daylight": "উত্তর আমেরিকার পার্বত্য অঞ্চলের দিনের সময়"
              }
            },
            "America_Pacific": {
              "long": {
                "generic": "উত্তর আমেরিকার প্রশান্ত মহাসাগরীয় অঞ্চলের সময়",
                "standard": "উত্তর আমেরিকার প্রশান্ত মহাসাগরীয় অঞ্চলের প্রমাণ সময়",
                "daylight": "উত্তর আমেরিকার প্রশান্ত মহাসাগরীয় অঞ্চলের দিনের সময়"
              }
            },
            "Anadyr": {
              "long": {
                "generic": "অনদ্য্র্ সময়",
                "standard": "অনদ্য্র্ মানক সময়",
                "daylight": "অনদ্য্র্ গ্রীষ্মকালীন সময়"
              }
            },
            "Apia": {
              "long": {
                "generic": "অপিয়া সময়",
                "standard": "অপিয়া মানক সময়",
                "daylight": "অপিয়া দিনের সময়"
              }
            },
            "Aqtau": {
              "long": {
                "generic": "আকটাও সময়",
                "standard": "আকটাও মানক সময়",
                "daylight": "আকটাও গ্রীষ্মকাল সময়"
              }
            },
            "Aqtobe": {
              "long": {
                "generic": "আকটোব সময়",
                "standard": "আকটোব মানক সময়",
                "daylight": "আকটোব গ্রীষ্মকাল সময়"
              }
            },
            "Arabian": {
              "long": {
                "generic": "আরবি সময়",
                "standard": "আরবি মানক সময়",
                "daylight": "আরবি দিবালোক সময়"
              }
            },
            "Argentina": {
              "long": {
                "generic": "আর্জেনটিনা সময়",
                "standard": "আর্জেনটিনা মানক সময়",
                "daylight": "আর্জেনটিনা গৃষ্মকালীন সময়"
              }
            },
            "Argentina_Western": {
              "long": {
                "generic": "আর্জেনটিনা পশ্চিমি সময়",
                "standard": "পশ্চিমি আর্জেনটিনার প্রমাণ সময়",
                "daylight": "পশ্চিমি আর্জেনটিনা গৃষ্মকালীন সময়"
              }
            },
            "Armenia": {
              "long": {
                "generic": "আর্মেনিয়া সময়",
                "standard": "আর্মেনিয়া মানক সময়",
                "daylight": "আর্মেনিয়া গ্রীষ্মকালীন সময়"
              }
            },
            "Atlantic": {
              "long": {
                "generic": "অতলান্তিকের সময়",
                "standard": "অতলান্তিক মানক সময়",
                "daylight": "অতলান্তিক দিবালোক সময়"
              }
            },
            "Australia_Central": {
              "long": {
                "generic": "কেন্দ্রীয় অস্ট্রেলীয় সময়",
                "standard": "অস্ট্রেলীয় কেন্দ্রীয় মানক সময়",
                "daylight": "অস্ট্রেলীয় কেন্দ্রীয় দিবালোক সময়"
              }
            },
            "Australia_CentralWestern": {
              "long": {
                "generic": "অস্ট্রেলীয় কেন্দ্রীয় পশ্চিমি সময়",
                "standard": "অস্ট্রেলীয় কেন্দ্রীয় পশ্চিমি মানক সময়",
                "daylight": "অস্ট্রেলীয় কেন্দ্রীয় পশ্চিমি দিবালোক সময়"
              }
            },
            "Australia_Eastern": {
              "long": {
                "generic": "পূর্ব অস্ট্রেলীয় সময়",
                "standard": "অস্ট্রেলীয় পূর্ব মানক সময়",
                "daylight": "অস্ট্রেলীয় পূর্ব দিবালোক সময়"
              }
            },
            "Australia_Western": {
              "long": {
                "generic": "পশ্চিমি অস্ট্রেলীয় সময়",
                "standard": "অস্ট্রেলিয়ান পশ্চিমি মানক সময়",
                "daylight": "অস্ট্রেলীয় পশ্চিমি দিবালোক সময়"
              }
            },
            "Azerbaijan": {
              "long": {
                "generic": "আজারবাইজান সময়",
                "standard": "আজারবাইজান মানক সময়",
                "daylight": "আজারবাইজান গ্রীষ্মকালীন সময়"
              }
            },
            "Azores": {
              "long": {
                "generic": "এজোরেস সময়",
                "standard": "এজোরেস মানক সময়",
                "daylight": "এজোরেস গ্রীষ্মকালীন সময়"
              }
            },
            "Bangladesh": {
              "long": {
                "generic": "বাংলাদেশ সময়",
                "standard": "বাংলাদেশ মানক সময়",
                "daylight": "বাংলাদেশ গ্রীষ্মকালীন সময়"
              }
            },
            "Bhutan": {
              "long": {
                "standard": "ভুটান সময়"
              }
            },
            "Bolivia": {
              "long": {
                "standard": "বোলিভিয়া সময়"
              }
            },
            "Brasilia": {
              "long": {
                "generic": "ব্রাসিলিয়া সময়",
                "standard": "ব্রাসিলিয়া মানক সময়",
                "daylight": "ব্রাসিলিয়া গৃষ্মকালীন সময়"
              }
            },
            "Brunei": {
              "long": {
                "standard": "ব্রুনেই দারুসসালাম সময়"
              }
            },
            "Cape_Verde": {
              "long": {
                "generic": "কেপ ভার্দ সময়",
                "standard": "কেপ ভার্দ মানক সময়",
                "daylight": "কেপ ভার্দ গ্রীষ্মকালীন সময়"
              }
            },
            "Chamorro": {
              "long": {
                "standard": "চামেরো মানক সময়"
              }
            },
            "Chatham": {
              "long": {
                "generic": "চ্যাথাম সময়",
                "standard": "চ্যাথাম মানক সময়",
                "daylight": "চ্যাথাম দিবালোক সময়"
              }
            },
            "Chile": {
              "long": {
                "generic": "চিলি সময়",
                "standard": "চিলি মানক সময়",
                "daylight": "চিলি গ্রীষ্মকাল সময়"
              }
            },
            "China": {
              "long": {
                "generic": "চীন সময়",
                "standard": "চীন মানক সময়",
                "daylight": "চীন দিবালোক সময়"
              }
            },
            "Choibalsan": {
              "long": {
                "generic": "চয়বালসন সময়",
                "standard": "চয়বালসন মানক সময়",
                "daylight": "চয়বালসন গ্রীষ্মকালীন সময়"
              }
            },
            "Christmas": {
              "long": {
                "standard": "ক্রিসমাস দ্বীপ সময়"
              }
            },
            "Cocos": {
              "long": {
                "standard": "কোকোস দ্বীপপুঞ্জ সময়"
              }
            },
            "Colombia": {
              "long": {
                "generic": "কোলোম্বিয়া সময়",
                "standard": "কোলোম্বিয়া মানক সময়",
                "daylight": "কোলোম্বিয়া গ্রীষ্মকালীন সময়"
              }
            },
            "Cook": {
              "long": {
                "generic": "কুক দ্বীপপুঞ্জ সময়",
                "standard": "কুক দ্বীপপুঞ্জ মানক সময়",
                "daylight": "কুক দ্বীপপুঞ্জ হাফ মানক সময়"
              }
            },
            "Cuba": {
              "long": {
                "generic": "কিউবার সময়",
                "standard": "কিউবা মানক সময়",
                "daylight": "কিউবা দিবালোক সময়"
              }
            },
            "Davis": {
              "long": {
                "standard": "ডেভিস সময়"
              }
            },
            "DumontDUrville": {
              "long": {
                "standard": "ডুমন্ট-দ্য’উরভিলে সময়"
              }
            },
            "East_Timor": {
              "long": {
                "standard": "পূর্ব টিমর সময়"
              }
            },
            "Easter": {
              "long": {
                "generic": "ইস্টার দ্বীপ সময়",
                "standard": "ইস্টার দ্বীপ মানক সময়",
                "daylight": "ইস্টার দ্বীপ গ্রীষ্মকালীন সময়"
              }
            },
            "Ecuador": {
              "long": {
                "standard": "ইকুয়েডর সময়"
              }
            },
            "Europe_Central": {
              "long": {
                "generic": "মধ্য ইউরোপের সময়",
                "standard": "মধ্য ইউরোপের প্রমাণ সময়",
                "daylight": "মধ্য ইউরোপের গ্রীষ্মকালীন সময়"
              }
            },
            "Europe_Eastern": {
              "long": {
                "generic": "পূর্ব ইউরোপের সময়",
                "standard": "পূর্ব ইউরোপের প্রমাণ সময়",
                "daylight": "পূর্ব ইউরোপের গ্রীষ্মকালীন সময়"
              }
            },
            "Europe_Further_Eastern": {
              "long": {
                "standard": "অতিরিক্ত-পূর্ব ইউরোপীয় সময়"
              }
            },
            "Europe_Western": {
              "long": {
                "generic": "পশ্চিম ইউরোপের সময়",
                "standard": "পশ্চিম ইউরোপের প্রমাণ সময়",
                "daylight": "পশ্চিম ইউরোপের গ্রীষ্মকালীন সময়"
              }
            },
            "Falkland": {
              "long": {
                "generic": "ফকল্যান্ড দ্বীপপুঞ্জ সময়",
                "standard": "ফকল্যান্ড দ্বীপপুঞ্জ মানক সময়",
                "daylight": "ফকল্যান্ড দ্বীপপুঞ্জ গ্রীষ্মকালীন সময়"
              }
            },
            "Fiji": {
              "long": {
                "generic": "ফিজি সময়",
                "standard": "ফিজি মানক সময়",
                "daylight": "ফিজি গ্রীষ্মকালীন সময়"
              }
            },
            "French_Guiana": {
              "long": {
                "standard": "ফরাসি গায়ানা সময়"
              }
            },
            "French_Southern": {
              "long": {
                "standard": "ফরাসি দক্ষিন ও দক্ষিণ মেরুদেশীয় সময়"
              }
            },
            "GMT": {
              "long": {
                "standard": "গ্রীনিচ মিন টাইম"
              }
            },
            "Galapagos": {
              "long": {
                "standard": "গালাপাগোস সময়"
              }
            },
            "Gambier": {
              "long": {
                "standard": "গ্যাম্বিয়ার সময়"
              }
            },
            "Georgia": {
              "long": {
                "generic": "জর্জিয়া সময়",
                "standard": "জর্জিয়া মানক সময়",
                "daylight": "জর্জিয়া গ্রীষ্মকালীন সময়"
              }
            },
            "Gilbert_Islands": {
              "long": {
                "standard": "গিলবার্ট দ্বীপপুঞ্জ সময়"
              }
            },
            "Greenland_Eastern": {
              "long": {
                "generic": "পূর্ব গ্রীনল্যান্ড সময়",
                "standard": "পূর্ব গ্রীনল্যান্ড মানক সময়",
                "daylight": "পূর্ব গ্রীনল্যান্ড গ্রীষ্মকালীন সময়"
              }
            },
            "Greenland_Western": {
              "long": {
                "generic": "পশ্চিম গ্রীনল্যান্ড সময়",
                "standard": "পশ্চিম গ্রীনল্যান্ড মানক সময়",
                "daylight": "পশ্চিম গ্রীনল্যান্ড গ্রীষ্মকালীন সময়"
              }
            },
            "Guam": {
              "long": {
                "standard": "গুয়াম মান সময়"
              }
            },
            "Gulf": {
              "long": {
                "standard": "উপসাগরীয় মানক সময়"
              }
            },
            "Guyana": {
              "long": {
                "standard": "গুয়ানা সময়"
              }
            },
            "Hawaii_Aleutian": {
              "long": {
                "generic": "হাওয়াই অ্যালিউটিয়ান সময়",
                "standard": "হাওয়াই-আলেউত মানক সময়",
                "daylight": "হাওয়াই-আলেউত দিবালোক সময়"
              }
            },
            "Hong_Kong": {
              "long": {
                "generic": "হং কং সময়",
                "standard": "হং কং মানক সময়",
                "daylight": "হং কং গ্রীষ্মকালীন সময়"
              }
            },
            "Hovd": {
              "long": {
                "generic": "হোভড সময়",
                "standard": "হোভড মানক সময়",
                "daylight": "হোভড গ্রীষ্মকালীন সময়"
              }
            },
            "India": {
              "long": {
                "standard": "ভারতীয় মানক সময়"
              },
              "short": {
                "standard": "IST"
              }
            },
            "Indian_Ocean": {
              "long": {
                "standard": "ভারত মহাসাগর সময়"
              }
            },
            "Indochina": {
              "long": {
                "standard": "ইন্দোচীন সময়"
              }
            },
            "Indonesia_Central": {
              "long": {
                "standard": "কেন্দ্রীয় ইন্দোনেশিয়া সময়"
              }
            },
            "Indonesia_Eastern": {
              "long": {
                "standard": "পূর্ব ইন্দোনেশিয়া সময়"
              }
            },
            "Indonesia_Western": {
              "long": {
                "standard": "পশ্চিমী ইন্দোনেশিয়া সময়"
              }
            },
            "Iran": {
              "long": {
                "generic": "ইরান সময়",
                "standard": "ইরান মানক সময়",
                "daylight": "ইরান দিবালোক সময়"
              }
            },
            "Irkutsk": {
              "long": {
                "generic": "য়াকুটস্ক সময়",
                "standard": "য়াকুটস্ক মানক সময়",
                "daylight": "য়াকুটস্ক গৃষ্মকালীন সময়"
              }
            },
            "Israel": {
              "long": {
                "generic": "ইজরায়েল সময়",
                "standard": "ইজরায়েল মানক সময়",
                "daylight": "ইজরায়েল দিবালোক সময়"
              }
            },
            "Japan": {
              "long": {
                "generic": "জাপান সময়",
                "standard": "জাপান মানক সময়",
                "daylight": "জাপান দিবালোক সময়"
              }
            },
            "Kamchatka": {
              "long": {
                "generic": "পিত্রেপ্যাভলস্ক- ক্যামচ্যাটস্কি সময়",
                "standard": "পিত্রেপ্যাভলস্ক- ক্যামচ্যাটস্কি মান সময়",
                "daylight": "পিত্রেপ্যাভলস্ক- ক্যামচ্যাটস্কি গৃষ্মকালীন সময়"
              }
            },
            "Kazakhstan_Eastern": {
              "long": {
                "standard": "পূর্ব কজাকস্তান মানক সময়"
              }
            },
            "Kazakhstan_Western": {
              "long": {
                "standard": "পশ্চিম কজাকস্তান মানক সময়"
              }
            },
            "Korea": {
              "long": {
                "generic": "কোরিয়ান সময়",
                "standard": "কোরিয়ান মানক সময়",
                "daylight": "কোরিয়ান দিবালোক সময়"
              }
            },
            "Kosrae": {
              "long": {
                "standard": "কসরে সময়"
              }
            },
            "Krasnoyarsk": {
              "long": {
                "generic": "ক্রাসনোয়ার্স্কি সময়",
                "standard": "ক্রাসনোয়ার্স্কি মানক সময়",
                "daylight": "ক্রাসনোয়ার্স্কি গ্রীষ্মকালীন সময়"
              }
            },
            "Kyrgystan": {
              "long": {
                "standard": "কিরগিস্তান সময়"
              }
            },
            "Lanka": {
              "long": {
                "standard": "লঙ্কা সময়"
              }
            },
            "Line_Islands": {
              "long": {
                "standard": "লাইন দ্বীপপুঞ্জ সময়"
              }
            },
            "Lord_Howe": {
              "long": {
                "generic": "লর্ড হাওয়ে সময়",
                "standard": "লর্ড হাওয়ে মানক মসয়",
                "daylight": "লর্ড হাওয়ে দিবালোক মসয়"
              }
            },
            "Macau": {
              "long": {
                "generic": "মাকাও সময়",
                "standard": "মাকাও মান সময়",
                "daylight": "মাকাও গ্রীষ্মকাল সময়"
              }
            },
            "Macquarie": {
              "long": {
                "standard": "ম্যাককুরি দ্বীপ সময়"
              }
            },
            "Magadan": {
              "long": {
                "generic": "ম্যাগাডান সময়",
                "standard": "ম্যাগাডান মানক সময়",
                "daylight": "ম্যাগাডান গ্রীষ্মকালীন সময়"
              }
            },
            "Malaysia": {
              "long": {
                "standard": "মালয়েশিয়া সময়"
              }
            },
            "Maldives": {
              "long": {
                "standard": "মালদ্বীপ সময়"
              }
            },
            "Marquesas": {
              "long": {
                "standard": "মার্কেসাস সময়"
              }
            },
            "Marshall_Islands": {
              "long": {
                "standard": "মার্শাল দ্বীপপুঞ্জ সময়"
              }
            },
            "Mauritius": {
              "long": {
                "generic": "মরিশাস সময়",
                "standard": "মরিশাস মানক সময়",
                "daylight": "মরিশাস গ্রীষ্মকালীন সময়"
              }
            },
            "Mawson": {
              "long": {
                "standard": "মসন সময়"
              }
            },
            "Mexico_Northwest": {
              "long": {
                "generic": "উত্তরপশ্চিম মেক্সিকোর সময়",
                "standard": "উত্তরপশ্চিম মেক্সিকোর মানক সময়",
                "daylight": "উত্তরপশ্চিম মেক্সিকোর দিনের সময়"
              }
            },
            "Mexico_Pacific": {
              "long": {
                "generic": "মেক্সিকান প্রশান্ত মহাসাগরীয় সময়",
                "standard": "মেক্সিকান প্রশান্ত মহসাগরীয় মানক সময়",
                "daylight": "মেক্সিকান প্রশান্ত মহাসাগরীয় দিনের সময়"
              }
            },
            "Mongolia": {
              "long": {
                "generic": "উলান বাতোর সময়",
                "standard": "উলান বাতোর মানক সময়",
                "daylight": "উলান বাতোর গ্রীষ্মকালীন সময়"
              }
            },
            "Moscow": {
              "long": {
                "generic": "মস্কো সময়",
                "standard": "মস্কো মানক সময়",
                "daylight": "মস্কো গৃষ্মকালীন সময়"
              }
            },
            "Myanmar": {
              "long": {
                "standard": "মায়ানমার সময়"
              }
            },
            "Nauru": {
              "long": {
                "standard": "নাউরু সময়"
              }
            },
            "Nepal": {
              "long": {
                "standard": "নেপাল সময়"
              }
            },
            "New_Caledonia": {
              "long": {
                "generic": "নিউ ক্যালেডোনিয়া সময়",
                "standard": "নিউ ক্যালেডোনিয়া মানক সময়",
                "daylight": "নিউ ক্যালেডোনিয়া গ্রীষ্মকালীন সময়"
              }
            },
            "New_Zealand": {
              "long": {
                "generic": "নিউজিল্যান্ড সময়",
                "standard": "নিউজিল্যান্ড মানক সময়",
                "daylight": "নিউজিল্যান্ড দিবালোক সময়"
              }
            },
            "Newfoundland": {
              "long": {
                "generic": "নিউফাউন্ডল্যান্ড সময়",
                "standard": "নিউফাউন্ডল্যান্ড মানক সময়",
                "daylight": "নিউফাউন্ডল্যান্ড দিবালোক সময়"
              }
            },
            "Niue": {
              "long": {
                "standard": "নিউই সময়"
              }
            },
            "Norfolk": {
              "long": {
                "standard": "নরফোক দ্বীপপুঞ্জ সময়"
              }
            },
            "Noronha": {
              "long": {
                "generic": "নোরোনহা সময়",
                "standard": "ফারন্যান্ডো ডে নোরোনহা সময়",
                "daylight": "ফারন্যান্ডো ডে নোরোনহা গৃষ্মকালীন সময়"
              }
            },
            "North_Mariana": {
              "long": {
                "standard": "উত্তর মেরিন দ্বীপপুঞ্জ সময়"
              }
            },
            "Novosibirsk": {
              "long": {
                "generic": "নোভোসিবির্স্ক সময়",
                "standard": "নোভোসিবির্স্ক মানক সময়",
                "daylight": "নোভোসিবির্স্ক গ্রীষ্মকালীন সময়"
              }
            },
            "Omsk": {
              "long": {
                "generic": "ওমস্ক সময়",
                "standard": "ওমস্ক মানক সময়",
                "daylight": "ওমস্ক গৃষ্মকালীন সময়"
              }
            },
            "Pakistan": {
              "long": {
                "generic": "পাকিস্তান সময়",
                "standard": "পাকিস্তান মানক সময়",
                "daylight": "পাকিস্তান গ্রীষ্মকালীন সময়"
              }
            },
            "Palau": {
              "long": {
                "standard": "পালাউ সময়"
              }
            },
            "Papua_New_Guinea": {
              "long": {
                "standard": "পাপুয়া নিউ গিনি সময়"
              }
            },
            "Paraguay": {
              "long": {
                "generic": "প্যারাগুয়ে সময়",
                "standard": "প্যারাগুয়ে মানক সময়",
                "daylight": "প্যারাগুয়ে গ্রীষ্মকালীন সময়"
              }
            },
            "Peru": {
              "long": {
                "generic": "পেরু সময়",
                "standard": "পেরু মানক সময়",
                "daylight": "পেরু গ্রীষ্মকালীন সময়"
              }
            },
            "Philippines": {
              "long": {
                "generic": "ফিলিপাইন সময়",
                "standard": "ফিলিপাইন মানক সময়",
                "daylight": "ফিলিপাইন গ্রীষ্মকালীন সময়"
              }
            },
            "Phoenix_Islands": {
              "long": {
                "standard": "ফোনিক্স দ্বীপপুঞ্জ সময়"
              }
            },
            "Pierre_Miquelon": {
              "long": {
                "generic": "সেন্ট পিয়ের ও মিকেলন সময়",
                "standard": "সেন্ট পিয়ের ও মিকেলন মানক সময়",
                "daylight": "সেন্ট পিয়ের ও মিকেলন দিবালোক সময়"
              }
            },
            "Pitcairn": {
              "long": {
                "standard": "পিটকেয়ার্ন সময়"
              }
            },
            "Ponape": {
              "long": {
                "standard": "পোনাপে সময়"
              }
            },
            "Qyzylorda": {
              "long": {
                "generic": "কিজিলোর্ডা সময়",
                "standard": "কিজিলোর্ডা মান সময়",
                "daylight": "কিজিলোর্ডা গ্রীষ্মকাল সময়"
              }
            },
            "Reunion": {
              "long": {
                "standard": "রিইউনিয়ন সময়"
              }
            },
            "Rothera": {
              "long": {
                "standard": "রথেরা সময়"
              }
            },
            "Sakhalin": {
              "long": {
                "generic": "সাখালিন সময়",
                "standard": "সাখালিন মানক সময়",
                "daylight": "সাখালিন গ্রীষ্মকালীন সময়"
              }
            },
            "Samara": {
              "long": {
                "generic": "সামারা সময়",
                "standard": "সামারা মান সময়",
                "daylight": "সামারা গৃষ্মকালীন সময়"
              }
            },
            "Samoa": {
              "long": {
                "generic": "সামোয়া সময়",
                "standard": "সামোয়া মানক সময়",
                "daylight": "সামোয়া গৃষ্মকালীন সময়"
              }
            },
            "Seychelles": {
              "long": {
                "standard": "সেশেলস সময়"
              }
            },
            "Singapore": {
              "long": {
                "standard": "সিঙ্গাপুর মানক সময়"
              }
            },
            "Solomon": {
              "long": {
                "standard": "সলোমন দ্বীপপুঞ্জ সময়"
              }
            },
            "South_Georgia": {
              "long": {
                "standard": "দক্ষিণ জর্জিয়া সময়"
              }
            },
            "Suriname": {
              "long": {
                "standard": "সুরিনাম সময়"
              }
            },
            "Syowa": {
              "long": {
                "standard": "সায়োওয়া সময়"
              }
            },
            "Tahiti": {
              "long": {
                "standard": "তাহিতি সময়"
              }
            },
            "Taipei": {
              "long": {
                "generic": "তাইপেই সময়",
                "standard": "তাইপেই মানক সময়",
                "daylight": "তাইপেই দিবালোক সময়"
              }
            },
            "Tajikistan": {
              "long": {
                "standard": "তাজাখাস্তান সময়"
              }
            },
            "Tokelau": {
              "long": {
                "standard": "টোকেলাউ সময়"
              }
            },
            "Tonga": {
              "long": {
                "generic": "টোঙ্গা সময়",
                "standard": "টোঙ্গা মানক সময়",
                "daylight": "টোঙ্গা গ্রীষ্মকালীন সময়"
              }
            },
            "Truk": {
              "long": {
                "standard": "চুক সময়"
              }
            },
            "Turkmenistan": {
              "long": {
                "generic": "তুর্কমেনিস্তান সময়",
                "standard": "তুর্কমেনিস্তান মানক সময়",
                "daylight": "তুর্কমেনিস্তান গ্রীষ্মকালীন সময়"
              }
            },
            "Tuvalu": {
              "long": {
                "standard": "টুভালু সময়"
              }
            },
            "Uruguay": {
              "long": {
                "generic": "উরুগুয়ে সময়",
                "standard": "উরুগুয়ে মানক সময়",
                "daylight": "উরুগুয়ে গ্রীষ্মকালীন সময়"
              }
            },
            "Uzbekistan": {
              "long": {
                "generic": "উজবেকিস্তান সময়",
                "standard": "উজবেকিস্তান মানক সময়",
                "daylight": "উজবেকিস্তান গ্রীষ্মকালীন সময়"
              }
            },
            "Vanuatu": {
              "long": {
                "generic": "ভানুয়াতু সময়",
                "standard": "ভানুয়াতু মানক সময়",
                "daylight": "ভানুয়াতু গ্রীষ্মকালীন সময়"
              }
            },
            "Venezuela": {
              "long": {
                "standard": "ভেনেজুয়েলা সময়"
              }
            },
            "Vladivostok": {
              "long": {
                "generic": "ব্লাদিবোস্তোক সময়",
                "standard": "ব্লাদিবোস্তোক মানক সময়",
                "daylight": "ব্লাদিবোস্তোক গ্রীষ্মকালীন সময়"
              }
            },
            "Volgograd": {
              "long": {
                "generic": "ভলগোগ্রাড সময়",
                "standard": "ভলগোগ্রাড মানক সময়",
                "daylight": "ভলগোগ্রাড গ্রীষ্মকালীন সময়"
              }
            },
            "Vostok": {
              "long": {
                "standard": "ভস্টক সময়"
              }
            },
            "Wake": {
              "long": {
                "standard": "ওয়েক দ্বীপ সময়"
              }
            },
            "Wallis": {
              "long": {
                "standard": "ওয়ালিস এবং ফুটুনা সময়"
              }
            },
            "Yakutsk": {
              "long": {
                "generic": "য়াকুতস্ক সময়",
                "standard": "য়াকুতস্ক মানক সময়",
                "daylight": "য়াকুতস্ক গ্রীষ্মকালীন সময়"
              }
            },
            "Yekaterinburg": {
              "long": {
                "generic": "ইয়েকাতেরিনবুর্গ সময়",
                "standard": "ইয়েকাতেরিনবুর্গ মানক সময়",
                "daylight": "ইয়েকাতেরিনবুর্গ গ্রীষ্মকালীন সময়"
              }
            }
          }
        }
      }
    }
  }
}
