{
  "main": {
    "bn": {
      "identity": {
        "version": {
          "_cldrVersion": "26",
          "_number": "$Revision: 10809 $"
        },
        "generation": {
          "_date": "$Date: 2014-08-14 15:10:07 -0500 (Thu, 14 Aug 2014) $"
        },
        "language": "bn"
      },
      "localeDisplayNames": {
        "transformNames": {
          "BGN": "BGN",
          "Numeric": "সাংখিক",
          "Tone": "স্বরভঙ্গি",
          "UNGEGN": "UNGEGN",
          "x-Accents": "অ্যাসেন্টস",
          "x-Fullwidth": "পূর্ণচওড়া",
          "x-Halfwidth": "অর্ধচওড়া",
          "x-Jamo": "জ্যামো",
          "x-Pinyin": "পিনইন",
          "x-Publishing": "প্রকাশনা"
        }
      }
    }
  }
}
