{
  "main": {
    "as": {
      "identity": {
        "version": {
          "_cldrVersion": "26",
          "_number": "$Revision: 10739 $"
        },
        "generation": {
          "_date": "$Date: 2014-08-07 12:54:13 -0500 (Thu, 07 Aug 2014) $"
        },
        "language": "as"
      },
      "localeDisplayNames": {
        "localeDisplayPattern": {
          "localePattern": "{0} ({1})",
          "localeSeparator": "{0}, {1}",
          "localeKeyTypePattern": "{0}: {1}"
        },
        "keys": {
          "calendar": "পঞ্জিকা",
          "collation": "শৰীকৰণ",
          "currency": "মুদ্ৰা",
          "numbers": "numbers"
        },
        "types": {
          "numbers": {
            "arab": "arab",
            "arabext": "arabext",
            "armn": "armn",
            "armnlow": "armnlow",
            "bali": "bali",
            "beng": "beng"
          },
          "collation": {
            "big5han": "পৰম্পৰাগত চীনা শৃঙ্খলাবদ্ধ কৰাৰ ক্ৰম - Big5"
          },
          "numbers": {
            "brah": "brah"
          },
          "calendar": {
            "buddhist": "বৌদ্ধ পঞ্জিকা"
          },
          "numbers": {
            "cakm": "cakm",
            "cham": "cham"
          },
          "calendar": {
            "chinese": "চীনা পঞ্জিকা",
            "coptic": "coptic",
            "dangi": "dangi"
          },
          "numbers": {
            "deva": "deva"
          },
          "collation": {
            "dictionary": "dictionary",
            "ducet": "ducet",
            "eor": "eor"
          },
          "numbers": {
            "ethi": "ethi"
          },
          "calendar": {
            "ethiopic": "ethiopic",
            "ethiopic-amete-alem": "ethiopic-amete-alem"
          },
          "numbers": {
            "fullwide": "fullwide"
          },
          "collation": {
            "gb2312han": "সৰল চীনা শৃঙ্খলাবদ্ধ কৰাৰ ক্ৰম - GB2312"
          },
          "numbers": {
            "geor": "geor"
          },
          "calendar": {
            "gregorian": "গ্ৰিগোৰীয় পঞ্জিকা"
          },
          "numbers": {
            "grek": "grek",
            "greklow": "greklow",
            "gujr": "gujr",
            "guru": "guru",
            "hanidec": "hanidec",
            "hans": "hans",
            "hansfin": "hansfin",
            "hant": "hant",
            "hantfin": "hantfin",
            "hebr": "hebr"
          },
          "calendar": {
            "hebrew": "হীব্ৰু পঞ্জিকা",
            "indian": "ভাৰতীয় ৰাষ্ট্ৰীয় পঞ্জিকা",
            "islamic": "ইচলামী পঞ্জিকা",
            "islamic-civil": "ইচলামী-নাগৰিকৰ পঞ্জিকা",
            "islamic-rgsa": "islamic-rgsa",
            "islamic-tbla": "islamic-tbla",
            "islamic-umalqura": "islamic-umalqura",
            "iso8601": "iso8601",
            "japanese": "জাপানী পঞ্জিকা"
          },
          "numbers": {
            "java": "java",
            "jpan": "jpan",
            "jpanfin": "jpanfin",
            "kali": "kali",
            "khmr": "khmr",
            "knda": "knda",
            "lana": "lana",
            "lanatham": "lanatham",
            "laoo": "laoo",
            "latn": "latn",
            "lepc": "lepc",
            "limb": "limb",
            "mlym": "mlym",
            "mong": "mong",
            "mtei": "mtei",
            "mymr": "mymr",
            "mymrshan": "mymrshan",
            "nkoo": "nkoo",
            "olck": "olck",
            "orya": "orya",
            "osma": "osma"
          },
          "calendar": {
            "persian": "persian"
          },
          "collation": {
            "phonebook": "টেলিফোন বহিৰ মতেশৃঙ্খলাবদ্ধ কৰাৰ ক্ৰম",
            "pinyin": "পিন্‌য়িন শৃঙ্খলাবদ্ধ কৰাৰ ক্ৰম",
            "reformed": "reformed"
          },
          "calendar": {
            "roc": "চীনা গণৰাজ্যৰ পঞ্জিকা"
          },
          "numbers": {
            "roman": "roman",
            "romanlow": "romanlow",
            "saur": "saur"
          },
          "collation": {
            "search": "search",
            "searchjl": "searchjl"
          },
          "numbers": {
            "shrd": "shrd",
            "sora": "sora"
          },
          "collation": {
            "standard": "standard",
            "stroke": "স্ট্ৰোক শৃঙ্খলাবদ্ধ কৰাৰ ক্ৰম"
          },
          "numbers": {
            "sund": "sund",
            "takr": "takr",
            "talu": "talu",
            "taml": "taml",
            "tamldec": "tamldec",
            "telu": "telu",
            "thai": "thai",
            "tibt": "tibt"
          },
          "collation": {
            "traditional": "পৰম্পৰাগতভাবে শৃঙ্খলাবদ্ধ কৰাৰ ক্ৰম",
            "unihan": "unihan"
          },
          "numbers": {
            "vaii": "vaii"
          },
          "collation": {
            "zhuyin": "zhuyin"
          }
        },
        "codePatterns": {
          "language": "{0}",
          "script": "{0}",
          "territory": "{0}"
        }
      }
    }
  }
}
