{
  "main": {
    "az": {
      "identity": {
        "version": {
          "_cldrVersion": "26",
          "_number": "$Revision: 10809 $"
        },
        "generation": {
          "_date": "$Date: 2014-08-14 15:10:07 -0500 (Thu, 14 Aug 2014) $"
        },
        "language": "az"
      },
      "dates": {
        "timeZoneNames": {
          "hourFormat": "+HH:mm;-HH:mm",
          "gmtFormat": "GMT{0}",
          "gmtZeroFormat": "GMT",
          "regionFormat": "{0} Vaxtı",
          "regionFormat-type-standard": "{0} Standart Vaxtı",
          "regionFormat-type-daylight": "{0} Yay Vaxtı",
          "fallbackFormat": "{1} ({0})",
          "zone": {
            "America": {
              "Adak": {
                "exemplarCity": "Adak"
              },
              "Anchorage": {
                "exemplarCity": "Ankorac"
              },
              "Anguilla": {
                "exemplarCity": "Angilya"
              },
              "Antigua": {
                "exemplarCity": "Antiqua"
              },
              "Araguaina": {
                "exemplarCity": "Araguayna"
              },
              "Argentina": {
                "La_Rioja": {
                  "exemplarCity": "Rioxa"
                },
                "Rio_Gallegos": {
                  "exemplarCity": "Rio Qalyeqos"
                },
                "Salta": {
                  "exemplarCity": "Salta"
                },
                "San_Juan": {
                  "exemplarCity": "San Xuan"
                },
                "San_Luis": {
                  "exemplarCity": "San Luis"
                },
                "Tucuman": {
                  "exemplarCity": "Tukuman"
                },
                "Ushuaia": {
                  "exemplarCity": "Uşuaya"
                }
              },
              "Aruba": {
                "exemplarCity": "Aruba"
              },
              "Asuncion": {
                "exemplarCity": "Asunsion"
              },
              "Bahia": {
                "exemplarCity": "Bahiya"
              },
              "Bahia_Banderas": {
                "exemplarCity": "Bahia Banderas"
              },
              "Barbados": {
                "exemplarCity": "Barbados"
              },
              "Belem": {
                "exemplarCity": "Belem"
              },
              "Belize": {
                "exemplarCity": "Beliz"
              },
              "Blanc-Sablon": {
                "exemplarCity": "Blank-Sablon"
              },
              "Boa_Vista": {
                "exemplarCity": "Boa Vista"
              },
              "Bogota": {
                "exemplarCity": "Boqota"
              },
              "Boise": {
                "exemplarCity": "Boyse"
              },
              "Buenos_Aires": {
                "exemplarCity": "Buenos Ayres"
              },
              "Cambridge_Bay": {
                "exemplarCity": "Kembric Körfəzi"
              },
              "Campo_Grande": {
                "exemplarCity": "Kampo Qrande"
              },
              "Cancun": {
                "exemplarCity": "Kankun"
              },
              "Caracas": {
                "exemplarCity": "Karakas"
              },
              "Catamarca": {
                "exemplarCity": "Katamarka"
              },
              "Cayenne": {
                "exemplarCity": "Kayen"
              },
              "Cayman": {
                "exemplarCity": "Kayman"
              },
              "Chicago": {
                "exemplarCity": "Cikaqo"
              },
              "Chihuahua": {
                "exemplarCity": "Çihuahua"
              },
              "Coral_Harbour": {
                "exemplarCity": "Atikokan"
              },
              "Cordoba": {
                "exemplarCity": "Kordoba"
              },
              "Costa_Rica": {
                "exemplarCity": "Kosta Rika"
              },
              "Creston": {
                "exemplarCity": "Kreston"
              },
              "Cuiaba": {
                "exemplarCity": "Kuyaba"
              },
              "Curacao": {
                "exemplarCity": "Kurasao"
              },
              "Danmarkshavn": {
                "exemplarCity": "Danmarkşavn"
              },
              "Dawson": {
                "exemplarCity": "Douson"
              },
              "Dawson_Creek": {
                "exemplarCity": "Douson Krik"
              },
              "Denver": {
                "exemplarCity": "Denver"
              },
              "Detroit": {
                "exemplarCity": "Detroyt"
              },
              "Dominica": {
                "exemplarCity": "Dominika"
              },
              "Edmonton": {
                "exemplarCity": "Edmondton"
              },
              "Eirunepe": {
                "exemplarCity": "İrunepe"
              },
              "El_Salvador": {
                "exemplarCity": "Salvador"
              },
              "Fortaleza": {
                "exemplarCity": "Fortaleza"
              },
              "Glace_Bay": {
                "exemplarCity": "Qleys Körfəzi"
              },
              "Godthab": {
                "exemplarCity": "Nuuk"
              },
              "Goose_Bay": {
                "exemplarCity": "Quz Körfəzi"
              },
              "Grand_Turk": {
                "exemplarCity": "Qrand Turk"
              },
              "Grenada": {
                "exemplarCity": "Qrenada"
              },
              "Guadeloupe": {
                "exemplarCity": "Qvadelupa"
              },
              "Guatemala": {
                "exemplarCity": "Qvatemala"
              },
              "Guayaquil": {
                "exemplarCity": "Quayakil"
              },
              "Guyana": {
                "exemplarCity": "Qayana"
              },
              "Halifax": {
                "exemplarCity": "Halifaks"
              },
              "Havana": {
                "exemplarCity": "Havana"
              },
              "Hermosillo": {
                "exemplarCity": "Hermosilo"
              },
              "Indiana": {
                "Knox": {
                  "exemplarCity": "Noks"
                },
                "Marengo": {
                  "exemplarCity": "Marenqo"
                },
                "Petersburg": {
                  "exemplarCity": "Pitersburq"
                },
                "Tell_City": {
                  "exemplarCity": "Tell"
                },
                "Vevay": {
                  "exemplarCity": "Vivey"
                },
                "Vincennes": {
                  "exemplarCity": "Vinsen"
                },
                "Winamac": {
                  "exemplarCity": "Vinamak"
                }
              },
              "Indianapolis": {
                "exemplarCity": "İndianapolis"
              },
              "Inuvik": {
                "exemplarCity": "İnuvik"
              },
              "Iqaluit": {
                "exemplarCity": "İqaluit"
              },
              "Jamaica": {
                "exemplarCity": "Yamayka"
              },
              "Jujuy": {
                "exemplarCity": "Jujuy"
              },
              "Juneau": {
                "exemplarCity": "Cuno"
              },
              "Kentucky": {
                "Monticello": {
                  "exemplarCity": "Montiçello"
                }
              },
              "Kralendijk": {
                "exemplarCity": "Kralendik"
              },
              "La_Paz": {
                "exemplarCity": "La Pas"
              },
              "Lima": {
                "exemplarCity": "Lima"
              },
              "Los_Angeles": {
                "exemplarCity": "Los Anceles"
              },
              "Louisville": {
                "exemplarCity": "Luisvil"
              },
              "Lower_Princes": {
                "exemplarCity": "Aşağı Prins Kvartalı"
              },
              "Maceio": {
                "exemplarCity": "Maseyo"
              },
              "Managua": {
                "exemplarCity": "Manaqua"
              },
              "Manaus": {
                "exemplarCity": "Manaus"
              },
              "Marigot": {
                "exemplarCity": "Mariqot"
              },
              "Martinique": {
                "exemplarCity": "Martinik"
              },
              "Matamoros": {
                "exemplarCity": "Matamoros"
              },
              "Mazatlan": {
                "exemplarCity": "Mazaltan"
              },
              "Mendoza": {
                "exemplarCity": "Mendoza"
              },
              "Menominee": {
                "exemplarCity": "Menomini"
              },
              "Merida": {
                "exemplarCity": "Merida"
              },
              "Metlakatla": {
                "exemplarCity": "Metlakatla"
              },
              "Mexico_City": {
                "exemplarCity": "Mexiko"
              },
              "Miquelon": {
                "exemplarCity": "Mikelon"
              },
              "Moncton": {
                "exemplarCity": "Monkton"
              },
              "Monterrey": {
                "exemplarCity": "Monterey"
              },
              "Montevideo": {
                "exemplarCity": "Montevideo"
              },
              "Montserrat": {
                "exemplarCity": "Monserat"
              },
              "Nassau": {
                "exemplarCity": "Nassau"
              },
              "New_York": {
                "exemplarCity": "Nyu York"
              },
              "Nipigon": {
                "exemplarCity": "Nipiqon"
              },
              "Nome": {
                "exemplarCity": "Nom"
              },
              "Noronha": {
                "exemplarCity": "Noronya"
              },
              "North_Dakota": {
                "Beulah": {
                  "exemplarCity": "Beulah, Şimali Dakota"
                },
                "Center": {
                  "exemplarCity": "Mərkəz, Şimal Dakota"
                },
                "New_Salem": {
                  "exemplarCity": "Nyu Salem"
                }
              },
              "Ojinaga": {
                "exemplarCity": "Ocinaqa"
              },
              "Panama": {
                "exemplarCity": "Panama"
              },
              "Pangnirtung": {
                "exemplarCity": "Panqnirtanq"
              },
              "Paramaribo": {
                "exemplarCity": "Paramaribo"
              },
              "Phoenix": {
                "exemplarCity": "Feniks"
              },
              "Port-au-Prince": {
                "exemplarCity": "Port-o-Prins"
              },
              "Port_of_Spain": {
                "exemplarCity": "İspan Limanı"
              },
              "Porto_Velho": {
                "exemplarCity": "Porto Velyo"
              },
              "Puerto_Rico": {
                "exemplarCity": "Puerto Riko"
              },
              "Rainy_River": {
                "exemplarCity": "Reyni Çayı"
              },
              "Rankin_Inlet": {
                "exemplarCity": "Rankin Girişi"
              },
              "Recife": {
                "exemplarCity": "Resif"
              },
              "Regina": {
                "exemplarCity": "Recina"
              },
              "Resolute": {
                "exemplarCity": "Rezolyut"
              },
              "Rio_Branco": {
                "exemplarCity": "Rio Branko"
              },
              "Santa_Isabel": {
                "exemplarCity": "Santa Isabel"
              },
              "Santarem": {
                "exemplarCity": "Santarem"
              },
              "Santiago": {
                "exemplarCity": "Santyaqo"
              },
              "Santo_Domingo": {
                "exemplarCity": "Santo Dominqo"
              },
              "Sao_Paulo": {
                "exemplarCity": "San Paulo"
              },
              "Scoresbysund": {
                "exemplarCity": "Skoresbisund"
              },
              "Sitka": {
                "exemplarCity": "Sitka"
              },
              "St_Barthelemy": {
                "exemplarCity": "San Bartolomey"
              },
              "St_Johns": {
                "exemplarCity": "Sent Cons"
              },
              "St_Kitts": {
                "exemplarCity": "San Kits"
              },
              "St_Lucia": {
                "exemplarCity": "San Lüsiya"
              },
              "St_Thomas": {
                "exemplarCity": "San Tomas"
              },
              "St_Vincent": {
                "exemplarCity": "San Vinsent"
              },
              "Swift_Current": {
                "exemplarCity": "Svift Kurent"
              },
              "Tegucigalpa": {
                "exemplarCity": "Tequsiqalpa"
              },
              "Thule": {
                "exemplarCity": "Tul"
              },
              "Thunder_Bay": {
                "exemplarCity": "İldırım Körfəzi"
              },
              "Tijuana": {
                "exemplarCity": "Tixuana"
              },
              "Toronto": {
                "exemplarCity": "Toronto"
              },
              "Tortola": {
                "exemplarCity": "Tortola"
              },
              "Vancouver": {
                "exemplarCity": "Vankuver"
              },
              "Whitehorse": {
                "exemplarCity": "Uaythors"
              },
              "Winnipeg": {
                "exemplarCity": "Vinipeq"
              },
              "Yakutat": {
                "exemplarCity": "Yakutat"
              },
              "Yellowknife": {
                "exemplarCity": "Yelounayf"
              }
            },
            "Atlantic": {
              "Azores": {
                "exemplarCity": "Azor"
              },
              "Bermuda": {
                "exemplarCity": "Bermuda"
              },
              "Canary": {
                "exemplarCity": "Kanar"
              },
              "Cape_Verde": {
                "exemplarCity": "Kape Verde"
              },
              "Faeroe": {
                "exemplarCity": "Farer"
              },
              "Madeira": {
                "exemplarCity": "Madeyra"
              },
              "Reykjavik": {
                "exemplarCity": "Reykyavik"
              },
              "South_Georgia": {
                "exemplarCity": "Cənubi Corciya"
              },
              "St_Helena": {
                "exemplarCity": "Müqəddəs Yelena"
              },
              "Stanley": {
                "exemplarCity": "Stenli"
              }
            },
            "Europe": {
              "Amsterdam": {
                "exemplarCity": "Amsterdam"
              },
              "Andorra": {
                "exemplarCity": "Andorra"
              },
              "Athens": {
                "exemplarCity": "Afina"
              },
              "Belgrade": {
                "exemplarCity": "Belqrad"
              },
              "Berlin": {
                "exemplarCity": "Berlin"
              },
              "Bratislava": {
                "exemplarCity": "Bratislava"
              },
              "Brussels": {
                "exemplarCity": "Brüssel"
              },
              "Bucharest": {
                "exemplarCity": "Buxarest"
              },
              "Budapest": {
                "exemplarCity": "Budapeşt"
              },
              "Busingen": {
                "exemplarCity": "Busingen"
              },
              "Chisinau": {
                "exemplarCity": "Kişinyov"
              },
              "Copenhagen": {
                "exemplarCity": "Kopenhagen"
              },
              "Dublin": {
                "long": {
                  "daylight": "İrlandiya Yay Vaxtı"
                },
                "exemplarCity": "Dublin"
              },
              "Gibraltar": {
                "exemplarCity": "Gibraltar"
              },
              "Guernsey": {
                "exemplarCity": "Gernzey"
              },
              "Helsinki": {
                "exemplarCity": "Helsinki"
              },
              "Isle_of_Man": {
                "exemplarCity": "Men Adası"
              },
              "Istanbul": {
                "exemplarCity": "Istanbul"
              },
              "Jersey": {
                "exemplarCity": "Cersi"
              },
              "Kaliningrad": {
                "exemplarCity": "Kalininqrad"
              },
              "Kiev": {
                "exemplarCity": "Kiyev"
              },
              "Lisbon": {
                "exemplarCity": "Lissabon"
              },
              "Ljubljana": {
                "exemplarCity": "Lyublyana"
              },
              "London": {
                "long": {
                  "daylight": "Britaniya Yay Vaxtı"
                },
                "exemplarCity": "London"
              },
              "Luxembourg": {
                "exemplarCity": "Lüksemburq"
              },
              "Madrid": {
                "exemplarCity": "Madrid"
              },
              "Malta": {
                "exemplarCity": "Malta"
              },
              "Mariehamn": {
                "exemplarCity": "Mariham"
              },
              "Minsk": {
                "exemplarCity": "Minsk"
              },
              "Monaco": {
                "exemplarCity": "Monako"
              },
              "Moscow": {
                "exemplarCity": "Moskva"
              },
              "Oslo": {
                "exemplarCity": "Oslo"
              },
              "Paris": {
                "exemplarCity": "Paris"
              },
              "Podgorica": {
                "exemplarCity": "Podqoritsa"
              },
              "Prague": {
                "exemplarCity": "Praqa"
              },
              "Riga": {
                "exemplarCity": "Riqa"
              },
              "Rome": {
                "exemplarCity": "Roma"
              },
              "Samara": {
                "exemplarCity": "Samara"
              },
              "San_Marino": {
                "exemplarCity": "San Marino"
              },
              "Sarajevo": {
                "exemplarCity": "Sarayevo"
              },
              "Simferopol": {
                "exemplarCity": "Simferopol"
              },
              "Skopje": {
                "exemplarCity": "Skopye"
              },
              "Sofia": {
                "exemplarCity": "Sofia"
              },
              "Stockholm": {
                "exemplarCity": "Stokholm"
              },
              "Tallinn": {
                "exemplarCity": "Tallin"
              },
              "Tirane": {
                "exemplarCity": "Tirana"
              },
              "Uzhgorod": {
                "exemplarCity": "Ujgorod"
              },
              "Vaduz": {
                "exemplarCity": "Vaduts"
              },
              "Vatican": {
                "exemplarCity": "Vatikan"
              },
              "Vienna": {
                "exemplarCity": "Vyana"
              },
              "Vilnius": {
                "exemplarCity": "Vilnyus"
              },
              "Volgograd": {
                "exemplarCity": "Volqoqrad"
              },
              "Warsaw": {
                "exemplarCity": "Varşava"
              },
              "Zagreb": {
                "exemplarCity": "Zaqreb"
              },
              "Zaporozhye": {
                "exemplarCity": "Zaporojye"
              },
              "Zurich": {
                "exemplarCity": "Sürix"
              }
            },
            "Africa": {
              "Abidjan": {
                "exemplarCity": "Abican"
              },
              "Accra": {
                "exemplarCity": "Akkra"
              },
              "Addis_Ababa": {
                "exemplarCity": "Əddis Əbəbə"
              },
              "Algiers": {
                "exemplarCity": "Əlcəzair"
              },
              "Asmera": {
                "exemplarCity": "Əsmərə"
              },
              "Bamako": {
                "exemplarCity": "Bamako"
              },
              "Bangui": {
                "exemplarCity": "Banqui"
              },
              "Banjul": {
                "exemplarCity": "Bancul"
              },
              "Bissau": {
                "exemplarCity": "Bissau"
              },
              "Blantyre": {
                "exemplarCity": "Blantir"
              },
              "Brazzaville": {
                "exemplarCity": "Brazzavil"
              },
              "Bujumbura": {
                "exemplarCity": "Bujumbura"
              },
              "Cairo": {
                "exemplarCity": "Qahirə"
              },
              "Casablanca": {
                "exemplarCity": "Kasablanka"
              },
              "Ceuta": {
                "exemplarCity": "Seuta"
              },
              "Conakry": {
                "exemplarCity": "Konakri"
              },
              "Dakar": {
                "exemplarCity": "Dakar"
              },
              "Dar_es_Salaam": {
                "exemplarCity": "Dar es Salam"
              },
              "Djibouti": {
                "exemplarCity": "Cibuti"
              },
              "Douala": {
                "exemplarCity": "Duala"
              },
              "El_Aaiun": {
                "exemplarCity": "Əl Əyun"
              },
              "Freetown": {
                "exemplarCity": "Fritaun"
              },
              "Gaborone": {
                "exemplarCity": "Qaboron"
              },
              "Harare": {
                "exemplarCity": "Harare"
              },
              "Johannesburg": {
                "exemplarCity": "Yohanesburq"
              },
              "Juba": {
                "exemplarCity": "Juba"
              },
              "Kampala": {
                "exemplarCity": "Kampala"
              },
              "Khartoum": {
                "exemplarCity": "Xartum"
              },
              "Kigali": {
                "exemplarCity": "Kiqali"
              },
              "Kinshasa": {
                "exemplarCity": "Kinşasa"
              },
              "Lagos": {
                "exemplarCity": "Laqos"
              },
              "Libreville": {
                "exemplarCity": "Librevil"
              },
              "Lome": {
                "exemplarCity": "Lome"
              },
              "Luanda": {
                "exemplarCity": "Luanda"
              },
              "Lubumbashi": {
                "exemplarCity": "Lubumbaşi"
              },
              "Lusaka": {
                "exemplarCity": "Lusaka"
              },
              "Malabo": {
                "exemplarCity": "Malabo"
              },
              "Maputo": {
                "exemplarCity": "Maputo"
              },
              "Maseru": {
                "exemplarCity": "Maseru"
              },
              "Mbabane": {
                "exemplarCity": "Mbabane"
              },
              "Mogadishu": {
                "exemplarCity": "Moqadişu"
              },
              "Monrovia": {
                "exemplarCity": "Monrovia"
              },
              "Nairobi": {
                "exemplarCity": "Nairobi"
              },
              "Ndjamena": {
                "exemplarCity": "Ncamena"
              },
              "Niamey": {
                "exemplarCity": "Niamey"
              },
              "Nouakchott": {
                "exemplarCity": "Nouakşot"
              },
              "Ouagadougou": {
                "exemplarCity": "Uqaduqu"
              },
              "Porto-Novo": {
                "exemplarCity": "Porto-Novo"
              },
              "Sao_Tome": {
                "exemplarCity": "San Tom"
              },
              "Tripoli": {
                "exemplarCity": "Tripoli"
              },
              "Tunis": {
                "exemplarCity": "Tunis"
              },
              "Windhoek": {
                "exemplarCity": "Vindhuk"
              }
            },
            "Asia": {
              "Aden": {
                "exemplarCity": "Aden"
              },
              "Almaty": {
                "exemplarCity": "Almatı"
              },
              "Amman": {
                "exemplarCity": "Amman"
              },
              "Anadyr": {
                "exemplarCity": "Anadır"
              },
              "Aqtau": {
                "exemplarCity": "Aktau"
              },
              "Aqtobe": {
                "exemplarCity": "Aqtobe"
              },
              "Ashgabat": {
                "exemplarCity": "Aşqabat"
              },
              "Baghdad": {
                "exemplarCity": "Bağdad"
              },
              "Bahrain": {
                "exemplarCity": "Bəhreyn"
              },
              "Baku": {
                "exemplarCity": "Bakı"
              },
              "Bangkok": {
                "exemplarCity": "Banqkok"
              },
              "Beirut": {
                "exemplarCity": "Beyrut"
              },
              "Bishkek": {
                "exemplarCity": "Bişkek"
              },
              "Brunei": {
                "exemplarCity": "Brunei"
              },
              "Calcutta": {
                "exemplarCity": "Kolkata"
              },
              "Chita": {
                "exemplarCity": "Chita"
              },
              "Choibalsan": {
                "exemplarCity": "Çoybalsan"
              },
              "Chongqing": {
                "exemplarCity": "Çonginq"
              },
              "Colombo": {
                "exemplarCity": "Kolombo"
              },
              "Damascus": {
                "exemplarCity": "Dəməşq"
              },
              "Dhaka": {
                "exemplarCity": "Dəkkə"
              },
              "Dili": {
                "exemplarCity": "Dili"
              },
              "Dubai": {
                "exemplarCity": "Dubay"
              },
              "Dushanbe": {
                "exemplarCity": "Düşənbə"
              },
              "Gaza": {
                "exemplarCity": "Qəza"
              },
              "Harbin": {
                "exemplarCity": "Harbin"
              },
              "Hebron": {
                "exemplarCity": "Hebron"
              },
              "Hong_Kong": {
                "exemplarCity": "Honq Konq"
              },
              "Hovd": {
                "exemplarCity": "Hovd"
              },
              "Irkutsk": {
                "exemplarCity": "İrkutsk"
              },
              "Jakarta": {
                "exemplarCity": "Cakarta"
              },
              "Jayapura": {
                "exemplarCity": "Cayapura"
              },
              "Jerusalem": {
                "exemplarCity": "Yerusəlim"
              },
              "Kabul": {
                "exemplarCity": "Kabil"
              },
              "Kamchatka": {
                "exemplarCity": "Kamçatka"
              },
              "Karachi": {
                "exemplarCity": "Karaçi"
              },
              "Kashgar": {
                "exemplarCity": "Kaşqar"
              },
              "Katmandu": {
                "exemplarCity": "Katmandu"
              },
              "Khandyga": {
                "exemplarCity": "Xandıqa"
              },
              "Krasnoyarsk": {
                "exemplarCity": "Krasnoyarsk"
              },
              "Kuala_Lumpur": {
                "exemplarCity": "Kuala Lumpur"
              },
              "Kuching": {
                "exemplarCity": "Kuçinq"
              },
              "Kuwait": {
                "exemplarCity": "Küveyt"
              },
              "Macau": {
                "exemplarCity": "Makao"
              },
              "Magadan": {
                "exemplarCity": "Maqadan"
              },
              "Makassar": {
                "exemplarCity": "Makasar"
              },
              "Manila": {
                "exemplarCity": "Manila"
              },
              "Muscat": {
                "exemplarCity": "Muskat"
              },
              "Nicosia": {
                "exemplarCity": "Nikosia"
              },
              "Novokuznetsk": {
                "exemplarCity": "Novokuznetsk"
              },
              "Novosibirsk": {
                "exemplarCity": "Novosibirsk"
              },
              "Omsk": {
                "exemplarCity": "Omsk"
              },
              "Oral": {
                "exemplarCity": "Oral"
              },
              "Phnom_Penh": {
                "exemplarCity": "Pnom Pen"
              },
              "Pontianak": {
                "exemplarCity": "Pontianak"
              },
              "Pyongyang": {
                "exemplarCity": "Pxenyan"
              },
              "Qatar": {
                "exemplarCity": "Qatar"
              },
              "Qyzylorda": {
                "exemplarCity": "Qızılorda"
              },
              "Rangoon": {
                "exemplarCity": "Ranqun"
              },
              "Riyadh": {
                "exemplarCity": "Riyad"
              },
              "Saigon": {
                "exemplarCity": "Ho Şi Min"
              },
              "Sakhalin": {
                "exemplarCity": "Saxalin"
              },
              "Samarkand": {
                "exemplarCity": "Səmərqənd"
              },
              "Seoul": {
                "exemplarCity": "Seul"
              },
              "Shanghai": {
                "exemplarCity": "Şanxay"
              },
              "Singapore": {
                "exemplarCity": "Sinqapur"
              },
              "Srednekolymsk": {
                "exemplarCity": "Srednekolymsk"
              },
              "Taipei": {
                "exemplarCity": "Taipei"
              },
              "Tashkent": {
                "exemplarCity": "Daşkənd"
              },
              "Tbilisi": {
                "exemplarCity": "Tbilisi"
              },
              "Tehran": {
                "exemplarCity": "Tehran"
              },
              "Thimphu": {
                "exemplarCity": "Thimphu"
              },
              "Tokyo": {
                "exemplarCity": "Tokyo"
              },
              "Ulaanbaatar": {
                "exemplarCity": "Ulanbator"
              },
              "Urumqi": {
                "exemplarCity": "Urumçi"
              },
              "Ust-Nera": {
                "exemplarCity": "Ust-Nera"
              },
              "Vientiane": {
                "exemplarCity": "Vyentyan"
              },
              "Vladivostok": {
                "exemplarCity": "Vladivostok"
              },
              "Yakutsk": {
                "exemplarCity": "Yakutsk"
              },
              "Yekaterinburg": {
                "exemplarCity": "Yekaterinburq"
              },
              "Yerevan": {
                "exemplarCity": "Yerevan"
              }
            },
            "Indian": {
              "Antananarivo": {
                "exemplarCity": "Antananarivo"
              },
              "Chagos": {
                "exemplarCity": "Çaqos"
              },
              "Christmas": {
                "exemplarCity": "Milad"
              },
              "Cocos": {
                "exemplarCity": "Kokos"
              },
              "Comoro": {
                "exemplarCity": "Komoro"
              },
              "Kerguelen": {
                "exemplarCity": "Kergelen"
              },
              "Mahe": {
                "exemplarCity": "Mahe"
              },
              "Maldives": {
                "exemplarCity": "Maldiv"
              },
              "Mauritius": {
                "exemplarCity": "Mavriki"
              },
              "Mayotte": {
                "exemplarCity": "Mayot"
              },
              "Reunion": {
                "exemplarCity": "Reunion"
              }
            },
            "Australia": {
              "Adelaide": {
                "exemplarCity": "Adelaida"
              },
              "Brisbane": {
                "exemplarCity": "Brisbeyn"
              },
              "Broken_Hill": {
                "exemplarCity": "Broken Hill"
              },
              "Currie": {
                "exemplarCity": "Kuriye"
              },
              "Darwin": {
                "exemplarCity": "Darvin"
              },
              "Eucla": {
                "exemplarCity": "Yukla"
              },
              "Hobart": {
                "exemplarCity": "Hobart"
              },
              "Lindeman": {
                "exemplarCity": "Lindeman"
              },
              "Lord_Howe": {
                "exemplarCity": "Lord Hau"
              },
              "Melbourne": {
                "exemplarCity": "Melburn"
              },
              "Perth": {
                "exemplarCity": "Perth"
              },
              "Sydney": {
                "exemplarCity": "Sidney"
              }
            },
            "Pacific": {
              "Apia": {
                "exemplarCity": "Apia"
              },
              "Auckland": {
                "exemplarCity": "Aukland"
              },
              "Chatham": {
                "exemplarCity": "Çatam"
              },
              "Easter": {
                "exemplarCity": "Pasxa"
              },
              "Efate": {
                "exemplarCity": "Efate"
              },
              "Enderbury": {
                "exemplarCity": "Enderböri"
              },
              "Fakaofo": {
                "exemplarCity": "Fakaofo"
              },
              "Fiji": {
                "exemplarCity": "Fici"
              },
              "Funafuti": {
                "exemplarCity": "Funafuti"
              },
              "Galapagos": {
                "exemplarCity": "Qalapaqos"
              },
              "Gambier": {
                "exemplarCity": "Qambiyer"
              },
              "Guadalcanal": {
                "exemplarCity": "Quadalkanal"
              },
              "Guam": {
                "exemplarCity": "Quam"
              },
              "Honolulu": {
                "exemplarCity": "Honolulu"
              },
              "Johnston": {
                "exemplarCity": "Conston"
              },
              "Kiritimati": {
                "exemplarCity": "Kirimati"
              },
              "Kosrae": {
                "exemplarCity": "Kosraye"
              },
              "Kwajalein": {
                "exemplarCity": "Kvajaleyn"
              },
              "Majuro": {
                "exemplarCity": "Macuro"
              },
              "Marquesas": {
                "exemplarCity": "Markesas"
              },
              "Midway": {
                "exemplarCity": "Midvey"
              },
              "Nauru": {
                "exemplarCity": "Nauru"
              },
              "Niue": {
                "exemplarCity": "Niue"
              },
              "Norfolk": {
                "exemplarCity": "Norfolk"
              },
              "Noumea": {
                "exemplarCity": "Noumea"
              },
              "Pago_Pago": {
                "exemplarCity": "Paqo Paqo"
              },
              "Palau": {
                "exemplarCity": "Palau"
              },
              "Pitcairn": {
                "exemplarCity": "Pitkern"
              },
              "Ponape": {
                "exemplarCity": "Pohnpei"
              },
              "Port_Moresby": {
                "exemplarCity": "Port Moresbi"
              },
              "Rarotonga": {
                "exemplarCity": "Rarotonqa"
              },
              "Saipan": {
                "exemplarCity": "Saipan"
              },
              "Tahiti": {
                "exemplarCity": "Tahiti"
              },
              "Tarawa": {
                "exemplarCity": "Tarava"
              },
              "Tongatapu": {
                "exemplarCity": "Tonqapatu"
              },
              "Truk": {
                "exemplarCity": "Çuuk"
              },
              "Wake": {
                "exemplarCity": "Veyk"
              },
              "Wallis": {
                "exemplarCity": "Uollis"
              }
            },
            "Arctic": {
              "Longyearbyen": {
                "exemplarCity": "Lonqyir"
              }
            },
            "Antarctica": {
              "Casey": {
                "exemplarCity": "Keysi"
              },
              "Davis": {
                "exemplarCity": "Deyvis"
              },
              "DumontDUrville": {
                "exemplarCity": "Dumont d’Urvil"
              },
              "Macquarie": {
                "exemplarCity": "Makuari"
              },
              "Mawson": {
                "exemplarCity": "Mouson"
              },
              "McMurdo": {
                "exemplarCity": "Mak Murdo"
              },
              "Palmer": {
                "exemplarCity": "Palmer"
              },
              "Rothera": {
                "exemplarCity": "Rothera"
              },
              "Syowa": {
                "exemplarCity": "Syova"
              },
              "Troll": {
                "exemplarCity": "Troll"
              },
              "Vostok": {
                "exemplarCity": "Vostok"
              }
            },
            "Etc": {
              "GMT": {
                "exemplarCity": "GMT"
              },
              "GMT1": {
                "exemplarCity": "GMT+1"
              },
              "GMT10": {
                "exemplarCity": "GMT+10"
              },
              "GMT11": {
                "exemplarCity": "GMT+11"
              },
              "GMT12": {
                "exemplarCity": "GMT+12"
              },
              "GMT2": {
                "exemplarCity": "GMT+2"
              },
              "GMT3": {
                "exemplarCity": "GMT+3"
              },
              "GMT4": {
                "exemplarCity": "GMT+4"
              },
              "GMT5": {
                "exemplarCity": "GMT+5"
              },
              "GMT6": {
                "exemplarCity": "GMT+6"
              },
              "GMT7": {
                "exemplarCity": "GMT+7"
              },
              "GMT8": {
                "exemplarCity": "GMT+8"
              },
              "GMT9": {
                "exemplarCity": "GMT+9"
              },
              "GMT-1": {
                "exemplarCity": "GMT-1"
              },
              "GMT-10": {
                "exemplarCity": "GMT-10"
              },
              "GMT-11": {
                "exemplarCity": "GMT-11"
              },
              "GMT-12": {
                "exemplarCity": "GMT-12"
              },
              "GMT-13": {
                "exemplarCity": "GMT-13"
              },
              "GMT-14": {
                "exemplarCity": "GMT-14"
              },
              "GMT-2": {
                "exemplarCity": "GMT-2"
              },
              "GMT-3": {
                "exemplarCity": "GMT-3"
              },
              "GMT-4": {
                "exemplarCity": "GMT-4"
              },
              "GMT-5": {
                "exemplarCity": "GMT-5"
              },
              "GMT-6": {
                "exemplarCity": "GMT-6"
              },
              "GMT-7": {
                "exemplarCity": "GMT-7"
              },
              "GMT-8": {
                "exemplarCity": "GMT-8"
              },
              "GMT-9": {
                "exemplarCity": "GMT-9"
              },
              "Unknown": {
                "exemplarCity": "Naməlum Şəhər"
              }
            }
          },
          "metazone": {
            "Afghanistan": {
              "long": {
                "standard": "Əfqanıstan Vaxtı"
              }
            },
            "Africa_Central": {
              "long": {
                "standard": "Mərkəzi Afrika Vaxtı"
              }
            },
            "Africa_Eastern": {
              "long": {
                "standard": "Şərqi Afrika Vaxtı"
              }
            },
            "Africa_Southern": {
              "long": {
                "standard": "Cənubi Afrika Vaxtı"
              }
            },
            "Africa_Western": {
              "long": {
                "generic": "Qərbi Afrika Vaxtı",
                "standard": "Qərbi Afrika Standart Vaxtı",
                "daylight": "Qərbi Afrika Yay Vaxtı"
              }
            },
            "Alaska": {
              "long": {
                "generic": "Alyaska Vaxtı",
                "standard": "Alyaska Standart Vaxtı",
                "daylight": "Alyaska Yay Vaxtı"
              }
            },
            "Amazon": {
              "long": {
                "generic": "Amazon Vaxtı",
                "standard": "Amazon Standart Vaxtı",
                "daylight": "Amazon Yay Vaxtı"
              }
            },
            "America_Central": {
              "long": {
                "generic": "Şimali Mərkəzi Amerika Vaxtı",
                "standard": "Şimali Mərkəzi Amerika Standart Vaxtı",
                "daylight": "Şimali Mərkəzi Amerika Yay Vaxtı"
              }
            },
            "America_Eastern": {
              "long": {
                "generic": "Şimali Şərqi Amerika Vaxtı",
                "standard": "Şimali Şərqi Amerika Standart Vaxtı",
                "daylight": "Şimali Şərqi Amerika Yay Vaxtı"
              }
            },
            "America_Mountain": {
              "long": {
                "generic": "Şimali Dağlıq Amerika Vaxtı",
                "standard": "Şimali Dağlıq Amerika Standart Vaxtı",
                "daylight": "Şimali Dağlıq Amerika Yay Vaxtı"
              }
            },
            "America_Pacific": {
              "long": {
                "generic": "Şimali Amerika Sakit Okean Vaxtı",
                "standard": "Şimali Amerika Sakit Okean Standart Vaxtı",
                "daylight": "Şimali Amerika Sakit Okean Yay Vaxtı"
              }
            },
            "Apia": {
              "long": {
                "generic": "Apia Vaxtı",
                "standard": "Apia Standart Vaxtı",
                "daylight": "Apia Yay Vaxtı"
              }
            },
            "Arabian": {
              "long": {
                "generic": "Ərəbistan Vaxtı",
                "standard": "Ərəbistan Standart Vaxtı",
                "daylight": "Ərəbistan Yay Vaxtı"
              }
            },
            "Argentina": {
              "long": {
                "generic": "Argentina Vaxtı",
                "standard": "Argentina Standart Vaxtı",
                "daylight": "Argentina Yay Vaxtı"
              }
            },
            "Argentina_Western": {
              "long": {
                "generic": "Qərbi Argentina Vaxtı",
                "standard": "Qərbi Argentina Standart Vaxtı",
                "daylight": "Qərbi Argentina Yay Vaxtı"
              }
            },
            "Armenia": {
              "long": {
                "generic": "Ermənistan Vaxtı",
                "standard": "Ermənistan Standart Vaxtı",
                "daylight": "Ermənistan Yay Vaxtı"
              }
            },
            "Atlantic": {
              "long": {
                "generic": "Atlantik Vaxt",
                "standard": "Atlantik Standart Vaxt",
                "daylight": "Atlantik Yay Vaxtı"
              }
            },
            "Australia_Central": {
              "long": {
                "generic": "Mərkəzi Avstraliya Vaxtı",
                "standard": "Mərkəzi Avstraliya Standart Vaxtı",
                "daylight": "Mərkəzi Avstraliya Yay Vaxtı"
              }
            },
            "Australia_CentralWestern": {
              "long": {
                "generic": "Mərkəzi Qərbi Avstraliya Vaxtı",
                "standard": "Mərkəzi Qərbi Avstraliya Standart Vaxtı",
                "daylight": "Mərkəzi Qərbi Avstraliya Yay Vaxtı"
              }
            },
            "Australia_Eastern": {
              "long": {
                "generic": "Şərqi Avstraliya Vaxtı",
                "standard": "Şərqi Avstraliya Standart Vaxtı",
                "daylight": "Şərqi Avstraliya Yay Vaxtı"
              }
            },
            "Australia_Western": {
              "long": {
                "generic": "Qərbi Avstraliya Vaxtı",
                "standard": "Qərbi Avstraliya Standart Vaxtı",
                "daylight": "Qərbi Avstraliya Yay Vaxtı"
              }
            },
            "Azerbaijan": {
              "long": {
                "generic": "Azərbaycan Vaxtı",
                "standard": "Azərbaycan Standart Vaxtı",
                "daylight": "Azərbaycan Yay Vaxtı"
              }
            },
            "Azores": {
              "long": {
                "generic": "Azor Vaxtı",
                "standard": "Azor Standart Vaxtı",
                "daylight": "Azor Yay Vaxtı"
              }
            },
            "Bangladesh": {
              "long": {
                "generic": "Banqladeş Vaxtı",
                "standard": "Banqladeş Standart Vaxtı",
                "daylight": "Banqladeş Yay Vaxtı"
              }
            },
            "Bhutan": {
              "long": {
                "standard": "Butan Vaxtı"
              }
            },
            "Bolivia": {
              "long": {
                "standard": "Boliviya Vaxtı"
              }
            },
            "Brasilia": {
              "long": {
                "generic": "Braziliya Vaxtı",
                "standard": "Braziliya Standart Vaxtı",
                "daylight": "Braziliya Yay Vaxtı"
              }
            },
            "Brunei": {
              "long": {
                "standard": "Brunei Darussalam vaxtı"
              }
            },
            "Cape_Verde": {
              "long": {
                "generic": "Kape Verde Vaxtı",
                "standard": "Kape Verde Standart Vaxtı",
                "daylight": "Kape Verde Yay Vaxtı"
              }
            },
            "Chamorro": {
              "long": {
                "standard": "Çamorro Vaxtı"
              }
            },
            "Chatham": {
              "long": {
                "generic": "Çatham Vaxtı",
                "standard": "Çatham Standart Vaxtı",
                "daylight": "Çatham Yay Vaxtı"
              }
            },
            "Chile": {
              "long": {
                "generic": "Çili Vaxtı",
                "standard": "Çili Standart Vaxtı",
                "daylight": "Çili Yay Vaxtı"
              }
            },
            "China": {
              "long": {
                "generic": "Çin Vaxtı",
                "standard": "Çin Standart Vaxtı",
                "daylight": "Çin Yay Vaxtı"
              }
            },
            "Choibalsan": {
              "long": {
                "generic": "Çoybalsan Vaxtı",
                "standard": "Çoybalsan Standart Vaxtı",
                "daylight": "Çoybalsan Yay Vaxtı"
              }
            },
            "Christmas": {
              "long": {
                "standard": "Milad Adası Vaxtı"
              }
            },
            "Cocos": {
              "long": {
                "standard": "Kokos Adaları Vaxtı"
              }
            },
            "Colombia": {
              "long": {
                "generic": "Kolumbiya Vaxtı",
                "standard": "Kolumbiya Standart Vaxtı",
                "daylight": "Kolumbiya Yay Vaxtı"
              }
            },
            "Cook": {
              "long": {
                "generic": "Kuk Adaları Vaxtı",
                "standard": "Kuk Adaları Standart Vaxtı",
                "daylight": "Kuk Adaları Yarım Yay Vaxtı"
              }
            },
            "Cuba": {
              "long": {
                "generic": "Kuba Vaxtı",
                "standard": "Kuba Standart Vaxtı",
                "daylight": "Kuba Yay Vaxtı"
              }
            },
            "Davis": {
              "long": {
                "standard": "Devis Vaxtı"
              }
            },
            "DumontDUrville": {
              "long": {
                "standard": "Dümon-d’Ürvil Vaxtı"
              }
            },
            "East_Timor": {
              "long": {
                "standard": "Şərqi Timor Vaxtı"
              }
            },
            "Easter": {
              "long": {
                "generic": "Pasxa Adası Vaxtı",
                "standard": "Pasxa Adası Standart Vaxtı",
                "daylight": "Pasxa Adası Yay Vaxtı"
              }
            },
            "Ecuador": {
              "long": {
                "standard": "Ekvador Vaxtı"
              }
            },
            "Europe_Central": {
              "long": {
                "generic": "Mərkəzi Avropa Vaxtı",
                "standard": "Mərkəzi Avropa Standart Vaxtı",
                "daylight": "Mərkəzi Avropa Yay Vaxtı"
              }
            },
            "Europe_Eastern": {
              "long": {
                "generic": "Şərqi Avropa Vaxtı",
                "standard": "Şərqi Avropa Standart Vaxtı",
                "daylight": "Şərqi Avropa Yay Vaxtı"
              }
            },
            "Europe_Further_Eastern": {
              "long": {
                "standard": "Kənar Şərqi Avropa Vaxtı"
              }
            },
            "Europe_Western": {
              "long": {
                "generic": "Qərbi Avropa Vaxtı",
                "standard": "Qərbi Avropa Standart Vaxtı",
                "daylight": "Qərbi Avropa Yay Vaxtı"
              }
            },
            "Falkland": {
              "long": {
                "generic": "Folklend Adaları Vaxtı",
                "standard": "Folklend Adaları Standart Vaxtı",
                "daylight": "Folklend Adaları Yay Vaxtı"
              }
            },
            "Fiji": {
              "long": {
                "generic": "Fici Vaxtı",
                "standard": "Fici Standart Vaxtı",
                "daylight": "Fici Yay Vaxtı"
              }
            },
            "French_Guiana": {
              "long": {
                "standard": "Fransız Qvianası Vaxtı"
              }
            },
            "French_Southern": {
              "long": {
                "standard": "Fransız Cənubi və Antarktik Vaxtı"
              }
            },
            "GMT": {
              "long": {
                "standard": "Qrinviç Orta Vaxtı"
              }
            },
            "Galapagos": {
              "long": {
                "standard": "Qalapaqos Vaxtı"
              }
            },
            "Gambier": {
              "long": {
                "standard": "Qambier Vaxtı"
              }
            },
            "Georgia": {
              "long": {
                "generic": "Gurcüstan Vaxtı",
                "standard": "Gurcüstan Standart Vaxtı",
                "daylight": "Gurcüstan Yay Vaxtı"
              }
            },
            "Gilbert_Islands": {
              "long": {
                "standard": "Gilbert Adaları Vaxtı"
              }
            },
            "Greenland_Eastern": {
              "long": {
                "generic": "Şərqi Qrenlandiya Vaxtı",
                "standard": "Şərqi Qrenlandiya Standart Vaxtı",
                "daylight": "Şərqi Qrenlandiya Yay Vaxtı"
              }
            },
            "Greenland_Western": {
              "long": {
                "generic": "Qərbi Qrenlandiya Vaxtı",
                "standard": "Qərbi Qrenlandiya Standart Vaxtı",
                "daylight": "Qərbi Qrenlandiya Yay Vaxtı"
              }
            },
            "Gulf": {
              "long": {
                "standard": "Körfəz Vaxtı"
              }
            },
            "Guyana": {
              "long": {
                "standard": "Qayana Vaxtı"
              }
            },
            "Hawaii_Aleutian": {
              "long": {
                "generic": "Havay-Aleut Vaxtı",
                "standard": "Havay-Aleut Standart Vaxtı",
                "daylight": "Havay-Aleut Yay Vaxtı"
              }
            },
            "Hong_Kong": {
              "long": {
                "generic": "Honq Konq Vaxtı",
                "standard": "Honq Konq Standart Vaxtı",
                "daylight": "Honq Konq Yay Vaxtı"
              }
            },
            "Hovd": {
              "long": {
                "generic": "Hovd Vaxtı",
                "standard": "Hovd Standart Vaxtı",
                "daylight": "Hovd Yay Vaxtı"
              }
            },
            "India": {
              "long": {
                "standard": "Hindistan Vaxtı"
              }
            },
            "Indian_Ocean": {
              "long": {
                "standard": "Hind Okeanı Vaxtı"
              }
            },
            "Indochina": {
              "long": {
                "standard": "Hindçin Vaxtı"
              }
            },
            "Indonesia_Central": {
              "long": {
                "standard": "Mərkəzi İndoneziya Vaxtı"
              }
            },
            "Indonesia_Eastern": {
              "long": {
                "standard": "Şərqi İndoneziya Vaxtı"
              }
            },
            "Indonesia_Western": {
              "long": {
                "standard": "Qərbi İndoneziya Vaxtı"
              }
            },
            "Iran": {
              "long": {
                "generic": "İran Vaxtı",
                "standard": "İran Standart Vaxtı",
                "daylight": "İran Yay Vaxtı"
              }
            },
            "Irkutsk": {
              "long": {
                "generic": "İrkutsk Vaxtı",
                "standard": "İrkutsk Standart Vaxtı",
                "daylight": "İrkutsk Yay Vaxtı"
              }
            },
            "Israel": {
              "long": {
                "generic": "İsrail Vaxtı",
                "standard": "İsrail Standart Vaxtı",
                "daylight": "İsrail Yay Vaxtı"
              }
            },
            "Japan": {
              "long": {
                "generic": "Yaponiya Vaxtı",
                "standard": "Yaponiya Standart Vaxtı",
                "daylight": "Yaponiya Yay Vaxtı"
              }
            },
            "Kazakhstan_Eastern": {
              "long": {
                "standard": "Şərqi Qazaxıstan Vaxtı"
              }
            },
            "Kazakhstan_Western": {
              "long": {
                "standard": "Qərbi Qazaxıstan Vaxtı"
              }
            },
            "Korea": {
              "long": {
                "generic": "Koreya Vaxtı",
                "standard": "Koreya Standart Vaxtı",
                "daylight": "Koreya Yay Vaxtı"
              }
            },
            "Kosrae": {
              "long": {
                "standard": "Korse Vaxtı"
              }
            },
            "Krasnoyarsk": {
              "long": {
                "generic": "Krasnoyarsk Vaxtı",
                "standard": "Krasnoyarsk Standart Vaxtı",
                "daylight": "Krasnoyarsk Yay Vaxtı"
              }
            },
            "Kyrgystan": {
              "long": {
                "standard": "Qırğızıstan Vaxtı"
              }
            },
            "Line_Islands": {
              "long": {
                "standard": "Layn Adaları Vaxtı"
              }
            },
            "Lord_Howe": {
              "long": {
                "generic": "Lord Hau Vaxtı",
                "standard": "Lord Hau Standart Vaxtı",
                "daylight": "Lord Hau Yay vaxtı"
              }
            },
            "Macquarie": {
              "long": {
                "standard": "Makari Adası Vaxtı"
              }
            },
            "Magadan": {
              "long": {
                "generic": "Maqadan Vaxtı",
                "standard": "Maqadan Standart Vaxtı",
                "daylight": "Maqadan Yay Vaxtı"
              }
            },
            "Malaysia": {
              "long": {
                "standard": "Malayziya Vaxtı"
              }
            },
            "Maldives": {
              "long": {
                "standard": "Maldiv Vaxtı"
              }
            },
            "Marquesas": {
              "long": {
                "standard": "Markesas Vaxtı"
              }
            },
            "Marshall_Islands": {
              "long": {
                "standard": "Marşal Adaları Vaxtı"
              }
            },
            "Mauritius": {
              "long": {
                "generic": "Mavriki Vaxtı",
                "standard": "Mavriki Standart Vaxtı",
                "daylight": "Mavriki Yay Vaxtı"
              }
            },
            "Mawson": {
              "long": {
                "standard": "Mouson Vaxtı"
              }
            },
            "Mexico_Northwest": {
              "long": {
                "generic": "Şimal-Qərbi Meksika Vaxtı",
                "standard": "Şimal-Qərbi Meksika Standart Vaxtı",
                "daylight": "Şimal-Qərbi Meksika Yay Vaxtı"
              }
            },
            "Mexico_Pacific": {
              "long": {
                "generic": "Meksika Sakit Okean Vaxtı",
                "standard": "Meksika Sakit Okean Standart Vaxtı",
                "daylight": "Meksika Sakit Okean Yay Vaxtı"
              }
            },
            "Mongolia": {
              "long": {
                "generic": "Ulanbator Vaxtı",
                "standard": "Ulanbator Standart Vaxtı",
                "daylight": "Ulanbator Yay Vaxtı"
              }
            },
            "Moscow": {
              "long": {
                "generic": "Moskva Vaxtı",
                "standard": "Moskva Standart Vaxtı",
                "daylight": "Moskva Yay vaxtı"
              }
            },
            "Myanmar": {
              "long": {
                "standard": "Myanma Vaxtı"
              }
            },
            "Nauru": {
              "long": {
                "standard": "Nauru Vaxtı"
              }
            },
            "Nepal": {
              "long": {
                "standard": "Nepal vaxtı"
              }
            },
            "New_Caledonia": {
              "long": {
                "generic": "Yeni Kaledoniya Vaxtı",
                "standard": "Yeni Kaledoniya Standart Vaxtı",
                "daylight": "Yeni Kaledoniya Yay Vaxtı"
              }
            },
            "New_Zealand": {
              "long": {
                "generic": "Yeni Zelandiya Vaxtı",
                "standard": "Yeni Zelandiya Standart Vaxtı",
                "daylight": "Yeni Zelandiya Yay Vaxtı"
              }
            },
            "Newfoundland": {
              "long": {
                "generic": "Nyufaundlend Vaxtı",
                "standard": "Nyufaundlend Standart Vaxtı",
                "daylight": "Nyufaundlend Yay Vaxtı"
              }
            },
            "Niue": {
              "long": {
                "standard": "Niue Vaxtı"
              }
            },
            "Norfolk": {
              "long": {
                "standard": "Norfolk Adası Vaxtı"
              }
            },
            "Noronha": {
              "long": {
                "generic": "Fernando de Noronya Vaxtı",
                "standard": "Fernando de Noronya Standart Vaxtı",
                "daylight": "Fernando de Noronya Yay Vaxtı"
              }
            },
            "Novosibirsk": {
              "long": {
                "generic": "Novosibirsk Vaxtı",
                "standard": "Novosibirsk Standart Vaxtı",
                "daylight": "Novosibirsk Yay Vaxtı"
              }
            },
            "Omsk": {
              "long": {
                "generic": "Omsk Vaxtı",
                "standard": "Omsk Standart Vaxtı",
                "daylight": "Omsk Yay Vaxtı"
              }
            },
            "Pakistan": {
              "long": {
                "generic": "Pakistan Vaxtı",
                "standard": "Pakistan Standart vaxtı",
                "daylight": "Pakistan Yay Vaxtı"
              }
            },
            "Palau": {
              "long": {
                "standard": "Palau Vaxtı"
              }
            },
            "Papua_New_Guinea": {
              "long": {
                "standard": "Papua Yeni Qvineya Vaxtı"
              }
            },
            "Paraguay": {
              "long": {
                "generic": "Paraqvay Vaxtı",
                "standard": "Paraqvay Standart Vaxtı",
                "daylight": "Paraqvay Yay Vaxtı"
              }
            },
            "Peru": {
              "long": {
                "generic": "Peru Vaxtı",
                "standard": "Peru Standart Vaxtı",
                "daylight": "Peru Yay Vaxtı"
              }
            },
            "Philippines": {
              "long": {
                "generic": "Filippin Vaxtı",
                "standard": "Filippin Standart Vaxtı",
                "daylight": "Filippin Yay Vaxtı"
              }
            },
            "Phoenix_Islands": {
              "long": {
                "standard": "Feniks Adaları Vaxtı"
              }
            },
            "Pierre_Miquelon": {
              "long": {
                "generic": "San Pier və Mikelon Vaxtı",
                "standard": "San Pier və Mikelon Standart Vaxtı",
                "daylight": "San Pier və Mikelon Yay Vaxtı"
              }
            },
            "Pitcairn": {
              "long": {
                "standard": "Pitkern Vaxtı"
              }
            },
            "Ponape": {
              "long": {
                "standard": "Ponape Vaxtı"
              }
            },
            "Reunion": {
              "long": {
                "standard": "Reunion Vaxtı"
              }
            },
            "Rothera": {
              "long": {
                "standard": "Rotera Vaxtı"
              }
            },
            "Sakhalin": {
              "long": {
                "generic": "Saxalin Vaxtı",
                "standard": "Saxalin Standart Vaxtı",
                "daylight": "Saxalin Yay Vaxtı"
              }
            },
            "Samara": {
              "long": {
                "generic": "Samara vaxtı",
                "standard": "Samara standart vaxtı",
                "daylight": "Samara yay vaxtı"
              }
            },
            "Samoa": {
              "long": {
                "generic": "Samoa Vaxtı",
                "standard": "Samoa Standart Vaxtı",
                "daylight": "Samoa Yay Vaxtı"
              }
            },
            "Seychelles": {
              "long": {
                "standard": "Seyşel Adaları Vaxtı"
              }
            },
            "Singapore": {
              "long": {
                "standard": "Sinqapur Vaxtı"
              }
            },
            "Solomon": {
              "long": {
                "standard": "Solomon Adaları Vaxtı"
              }
            },
            "South_Georgia": {
              "long": {
                "standard": "Cənubi Corciya Vaxtı"
              }
            },
            "Suriname": {
              "long": {
                "standard": "Surinam Vaxtı"
              }
            },
            "Syowa": {
              "long": {
                "standard": "Syova Vaxtı"
              }
            },
            "Tahiti": {
              "long": {
                "standard": "Tahiti Vaxtı"
              }
            },
            "Taipei": {
              "long": {
                "generic": "Taybey Vaxtı",
                "standard": "Taybey Standart Vaxtı",
                "daylight": "Taybey Yay Vaxtı"
              }
            },
            "Tajikistan": {
              "long": {
                "standard": "Tacikistan Vaxtı"
              }
            },
            "Tokelau": {
              "long": {
                "standard": "Tokelau Vaxtı"
              }
            },
            "Tonga": {
              "long": {
                "generic": "Tonqa Vaxtı",
                "standard": "Tonqa Standart Vaxtı",
                "daylight": "Tonqa Yay Vaxtı"
              }
            },
            "Truk": {
              "long": {
                "standard": "Çuuk Vaxtı"
              }
            },
            "Turkmenistan": {
              "long": {
                "generic": "Türkmənistan Vaxtı",
                "standard": "Türkmənistan Standart Vaxtı",
                "daylight": "Türkmənistan Yay Vaxtı"
              }
            },
            "Tuvalu": {
              "long": {
                "standard": "Tuvalu Vaxtı"
              }
            },
            "Uruguay": {
              "long": {
                "generic": "Uruqvay Vaxtı",
                "standard": "Uruqvay Standart Vaxtı",
                "daylight": "Uruqvay Yay Vaxtı"
              }
            },
            "Uzbekistan": {
              "long": {
                "generic": "Özbəkistan Vaxtı",
                "standard": "Özbəkistan Standart Vaxtı",
                "daylight": "Özbəkistan Yay Vaxtı"
              }
            },
            "Vanuatu": {
              "long": {
                "generic": "Vanuatu Vaxtı",
                "standard": "Vanuatu Standart Vaxtı",
                "daylight": "Vaunatu Yay Vaxtı"
              }
            },
            "Venezuela": {
              "long": {
                "standard": "Venesuela Vaxtı"
              }
            },
            "Vladivostok": {
              "long": {
                "generic": "Vladivostok Vaxtı",
                "standard": "Vladivostok Standart Vaxtı",
                "daylight": "Vladivostok Yay Vaxtı"
              }
            },
            "Volgograd": {
              "long": {
                "generic": "Volqoqrad Vaxtı",
                "standard": "Volqoqrad Standart Vaxtı",
                "daylight": "Volqoqrad Yay Vaxtı"
              }
            },
            "Vostok": {
              "long": {
                "standard": "Vostok Vaxtı"
              }
            },
            "Wake": {
              "long": {
                "standard": "Ueyk Vaxtı"
              }
            },
            "Wallis": {
              "long": {
                "standard": "Uollis və Futuna Vaxtı"
              }
            },
            "Yakutsk": {
              "long": {
                "generic": "Yakutsk Vaxtı",
                "standard": "Yakutsk Standart Vaxtı",
                "daylight": "Yakutsk Yay Vaxtı"
              }
            },
            "Yekaterinburg": {
              "long": {
                "generic": "Yekaterinburq Vaxtı",
                "standard": "Yekaterinburq Standart Vaxtı",
                "daylight": "Yekaterinburq Yay Vaxtı"
              }
            }
          }
        }
      }
    }
  }
}
