{
  "main": {
    "bg-BG": {
      "identity": {
        "version": {
          "_cldrVersion": "26",
          "_number": "$Revision: 10669 $"
        },
        "generation": {
          "_date": "$Date: 2014-07-23 16:10:33 -0500 (Wed, 23 Jul 2014) $"
        },
        "language": "bg",
        "territory": "BG"
      },
      "dates": {
        "calendars": {
          "indian": {
            "months": {
              "format": {
                "abbreviated": {
                  "1": "чайтра",
                  "2": "вайсакха",
                  "3": "джаинтха",
                  "4": "асадха",
                  "5": "сравана",
                  "6": "бхада",
                  "7": "азвина",
                  "8": "картика",
                  "9": "аграхайана",
                  "10": "пауза",
                  "11": "магха",
                  "12": "пхалгуна"
                },
                "narrow": {
                  "1": "1",
                  "2": "2",
                  "3": "3",
                  "4": "4",
                  "5": "5",
                  "6": "6",
                  "7": "7",
                  "8": "8",
                  "9": "9",
                  "10": "10",
                  "11": "11",
                  "12": "12"
                },
                "wide": {
                  "1": "чайтра",
                  "2": "вайсакха",
                  "3": "джаинтха",
                  "4": "асадха",
                  "5": "сравана",
                  "6": "бхада",
                  "7": "азвина",
                  "8": "картика",
                  "9": "аграхайана",
                  "10": "пауза",
                  "11": "магха",
                  "12": "пхалгуна"
                }
              },
              "stand-alone": {
                "abbreviated": {
                  "1": "чайтра",
                  "2": "вайсакха",
                  "3": "джаинтха",
                  "4": "асадха",
                  "5": "сравана",
                  "6": "бхада",
                  "7": "азвина",
                  "8": "картика",
                  "9": "аграхайана",
                  "10": "пауза",
                  "11": "магха",
                  "12": "пхалгуна"
                },
                "narrow": {
                  "1": "1",
                  "2": "2",
                  "3": "3",
                  "4": "4",
                  "5": "5",
                  "6": "6",
                  "7": "7",
                  "8": "8",
                  "9": "9",
                  "10": "10",
                  "11": "11",
                  "12": "12"
                },
                "wide": {
                  "1": "чайтра",
                  "2": "вайсакха",
                  "3": "джаинтха",
                  "4": "асадха",
                  "5": "сравана",
                  "6": "бхада",
                  "7": "азвина",
                  "8": "картика",
                  "9": "аграхайана",
                  "10": "пауза",
                  "11": "магха",
                  "12": "пхалгуна"
                }
              }
            },
            "days": {
              "format": {
                "abbreviated": {
                  "sun": "нд",
                  "mon": "пн",
                  "tue": "вт",
                  "wed": "ср",
                  "thu": "чт",
                  "fri": "пт",
                  "sat": "сб"
                },
                "narrow": {
                  "sun": "н",
                  "mon": "п",
                  "tue": "в",
                  "wed": "с",
                  "thu": "ч",
                  "fri": "п",
                  "sat": "с"
                },
                "short": {
                  "sun": "нд",
                  "mon": "пн",
                  "tue": "вт",
                  "wed": "ср",
                  "thu": "чт",
                  "fri": "пт",
                  "sat": "сб"
                },
                "wide": {
                  "sun": "неделя",
                  "mon": "понеделник",
                  "tue": "вторник",
                  "wed": "сряда",
                  "thu": "четвъртък",
                  "fri": "петък",
                  "sat": "събота"
                }
              },
              "stand-alone": {
                "abbreviated": {
                  "sun": "нд",
                  "mon": "пн",
                  "tue": "вт",
                  "wed": "ср",
                  "thu": "чт",
                  "fri": "пт",
                  "sat": "сб"
                },
                "narrow": {
                  "sun": "н",
                  "mon": "п",
                  "tue": "в",
                  "wed": "с",
                  "thu": "ч",
                  "fri": "п",
                  "sat": "с"
                },
                "short": {
                  "sun": "нд",
                  "mon": "пн",
                  "tue": "вт",
                  "wed": "ср",
                  "thu": "чт",
                  "fri": "пт",
                  "sat": "сб"
                },
                "wide": {
                  "sun": "неделя",
                  "mon": "понеделник",
                  "tue": "вторник",
                  "wed": "сряда",
                  "thu": "четвъртък",
                  "fri": "петък",
                  "sat": "събота"
                }
              }
            },
            "quarters": {
              "format": {
                "abbreviated": {
                  "1": "1. трим.",
                  "2": "2. трим.",
                  "3": "3. трим.",
                  "4": "4. трим."
                },
                "narrow": {
                  "1": "1",
                  "2": "2",
                  "3": "3",
                  "4": "4"
                },
                "wide": {
                  "1": "1. тримесечие",
                  "2": "2. тримесечие",
                  "3": "3. тримесечие",
                  "4": "4. тримесечие"
                }
              },
              "stand-alone": {
                "abbreviated": {
                  "1": "1. трим.",
                  "2": "2. трим.",
                  "3": "3. трим.",
                  "4": "4. трим."
                },
                "narrow": {
                  "1": "1",
                  "2": "2",
                  "3": "3",
                  "4": "4"
                },
                "wide": {
                  "1": "1. тримесечие",
                  "2": "2. тримесечие",
                  "3": "3. тримесечие",
                  "4": "4. тримесечие"
                }
              }
            },
            "dayPeriods": {
              "format": {
                "abbreviated": {
                  "am": "пр.об.",
                  "noon": "пладне",
                  "pm": "сл.об."
                },
                "narrow": {
                  "am": "пр.об.",
                  "noon": "пл.",
                  "pm": "сл.об."
                },
                "wide": {
                  "am": "пр.об.",
                  "noon": "пладне",
                  "pm": "сл.об."
                }
              },
              "stand-alone": {
                "abbreviated": {
                  "am": "пр.об.",
                  "noon": "пладне",
                  "pm": "сл.об."
                },
                "narrow": {
                  "am": "пр.об.",
                  "noon": "пл.",
                  "pm": "сл.об."
                },
                "wide": {
                  "am": "пр.об.",
                  "noon": "пладне",
                  "pm": "сл.об."
                }
              }
            },
            "eras": {
              "eraNames": {
                "0": "Saka"
              },
              "eraAbbr": {
                "0": "Saka"
              },
              "eraNarrow": {
                "0": "Saka"
              }
            },
            "dateFormats": {
              "full": "EEEE, d MMMM y 'г'. G",
              "long": "d MMMM y 'г'. G",
              "medium": "d.MM.y 'г'. G",
              "short": "d.MM.yy G"
            },
            "timeFormats": {
              "full": "H:mm:ss zzzz",
              "long": "H:mm:ss z",
              "medium": "H:mm:ss",
              "short": "H:mm"
            },
            "dateTimeFormats": {
              "full": "{1}, {0}",
              "long": "{1}, {0}",
              "medium": "{1}, {0}",
              "short": "{1}, {0}",
              "availableFormats": {
                "E": "ccc",
                "EHm": "E HH:mm",
                "EHms": "E HH:mm:ss",
                "Ed": "E, d",
                "Ehm": "E h:mm a",
                "Ehms": "E h:mm:ss a",
                "Gy": "y 'г'. G",
                "GyMMM": "MM.y 'г'. G",
                "GyMMMEd": "E, d.MM.y 'г'. G",
                "GyMMMM": "MMMM y 'г'. G",
                "GyMMMMEd": "E, d MMMM y 'г'. G",
                "GyMMMMd": "d MMMM y 'г'. G",
                "GyMMMd": "d.MM.y 'г'. G",
                "H": "HH",
                "Hm": "HH:mm",
                "Hms": "HH:mm:ss",
                "M": "M",
                "MEd": "E, d.MM",
                "MMM": "MM",
                "MMMEd": "E, d.MM",
                "MMMM": "LLLL",
                "MMMMEd": "E, d MMMM",
                "MMMMd": "d MMMM",
                "MMMd": "d.MM",
                "Md": "d.MM",
                "d": "d",
                "h": "h",
                "hm": "h:mm a",
                "hms": "h:mm:ss a",
                "ms": "mm:ss",
                "y": "y 'г'. G",
                "yyyy": "y 'г'. G",
                "yyyyM": "M.y 'г'. G",
                "yyyyMEd": "E, d.MM.y 'г'. G",
                "yyyyMMM": "MM.y 'г'. G",
                "yyyyMMMEd": "E, d.MM.y 'г'. G",
                "yyyyMMMM": "MMMM y 'г'. G",
                "yyyyMMMMEd": "E, d MMMM y 'г'. G",
                "yyyyMMMMd": "d MMMM y 'г'. G",
                "yyyyMMMd": "d.MM.y 'г'. G",
                "yyyyMd": "d.MM.y 'г'. G",
                "yyyyQQQ": "QQQ y 'г'. G",
                "yyyyQQQQ": "QQQQ y 'г'. G"
              },
              "appendItems": {
                "Day": "{0} ({2}: {1})",
                "Day-Of-Week": "{0} {1}",
                "Era": "{1} {0}",
                "Hour": "{0} ({2}: {1})",
                "Minute": "{0} ({2}: {1})",
                "Month": "{0} ({2}: {1})",
                "Quarter": "{0} ({2}: {1})",
                "Second": "{0} ({2}: {1})",
                "Timezone": "{0} {1}",
                "Week": "{0} ({2}: {1})",
                "Year": "{1} {0}"
              },
              "intervalFormats": {
                "intervalFormatFallback": "{0} – {1}",
                "H": {
                  "H": "HH-HH"
                },
                "Hm": {
                  "H": "HH:mm-HH:mm",
                  "m": "HH:mm-HH:mm"
                },
                "Hmv": {
                  "H": "HH:mm-HH:mm v",
                  "m": "HH:mm-HH:mm v"
                },
                "Hv": {
                  "H": "HH-HH v"
                },
                "M": {
                  "M": "M – M"
                },
                "MEd": {
                  "M": "E, d.MM – E, d.MM",
                  "d": "E, d.MM – E, d.MM"
                },
                "MMM": {
                  "M": "MM – MM"
                },
                "MMMEd": {
                  "M": "E, d.MM – E, d.MM",
                  "d": "E, d.MM – E, d.MM"
                },
                "MMMM": {
                  "M": "LLLL – LLLL"
                },
                "MMMMEd": {
                  "M": "E, d MMMM – E, d MMMM",
                  "d": "E, d MMMM – E, d MMMM"
                },
                "MMMMd": {
                  "M": "d MMMM – d MMMM",
                  "d": "d – d MMMM"
                },
                "MMMd": {
                  "M": "d.MM – d.MM",
                  "d": "d.MM – d.MM"
                },
                "Md": {
                  "M": "d.MM – d.MM",
                  "d": "d.MM – d.MM"
                },
                "d": {
                  "d": "d – d"
                },
                "h": {
                  "a": "h a – h a",
                  "h": "h-h a"
                },
                "hm": {
                  "a": "h:mm a – h:mm a",
                  "h": "h:mm-h:mm a",
                  "m": "h:mm-h:mm a"
                },
                "hmv": {
                  "a": "h:mm a – h:mm a v",
                  "h": "h:mm-h:mm a v",
                  "m": "h:mm-h:mm a v"
                },
                "hv": {
                  "a": "h a – h a v",
                  "h": "h-h a v"
                },
                "y": {
                  "y": "y – y 'г'.G"
                },
                "yM": {
                  "M": "MM – MM.y 'г'. G",
                  "y": "MM.y 'г'. – MM.y 'г'. G"
                },
                "yMEd": {
                  "M": "E, d.MM – E, d.MM.y 'г'. G",
                  "d": "E, d.MM – E, d.MM.y 'г'. G",
                  "y": "E, d.MM.y 'г'. – E, d.MM.y 'г'. G"
                },
                "yMMM": {
                  "M": "MM – MM.y 'г'. G",
                  "y": "MM.y 'г'. – MM.y 'г'. G"
                },
                "yMMMEd": {
                  "M": "E, d.MM – E, d.MM.y 'г'. G",
                  "d": "E, d.MM – E, d.MM.y 'г'. G",
                  "y": "E, d.MM.y 'г'. – E, d.MM.y 'г'. G"
                },
                "yMMMM": {
                  "M": "MMMM – MMMM y 'г'. G",
                  "y": "MMMM y 'г'. – MMMM y 'г'. G"
                },
                "yMMMMEd": {
                  "M": "E, d MMMM – E, d MMMM y 'г'. G",
                  "d": "E, d MMMM – E, d MMMM y 'г'. G",
                  "y": "E, d MMMM y 'г'. – E, d MMMM y 'г'. G"
                },
                "yMMMMd": {
                  "M": "d MMMM – d MMMM y 'г'. G",
                  "d": "d – d MMMM y 'г'. G",
                  "y": "d MMMM y 'г'. – d MMMM y 'г'. G"
                },
                "yMMMd": {
                  "M": "d.MM – d.MM.y 'г'. G",
                  "d": "d.MM – d.MM.y 'г'. G",
                  "y": "d.MM.y 'г'. – d.MM.y 'г'. G"
                },
                "yMd": {
                  "M": "d.MM – d.MM.y 'г'. G",
                  "d": "d.MM – d.MM.y 'г'. G",
                  "y": "d.MM.y 'г'. – d.MM.y 'г'. G"
                }
              }
            }
          }
        }
      }
    }
  }
}
