{
  "main": {
    "bg-BG": {
      "identity": {
        "version": {
          "_cldrVersion": "26",
          "_number": "$Revision: 10669 $"
        },
        "generation": {
          "_date": "$Date: 2014-07-23 16:10:33 -0500 (Wed, 23 Jul 2014) $"
        },
        "language": "bg",
        "territory": "BG"
      },
      "characters": {
        "exemplarCharacters": "[а б в г д е ж з и й к л м н о п р с т у ф х ц ч ш щ ъ ь ю я]",
        "auxiliary": "[{а\u0300} ѐ ё ѝ {о\u0300} {у\u0300} {ъ\u0300} ы ѣ э {ю\u0300} {я\u0300} ѫ]",
        "punctuation": "[\\- ‐ – — , ; \\: ! ? . … ' ‘ ‚ \" “ „ ( ) \\[ \\] § * / ″ №]",
        "index": "[А Б В Г Д Е Ж З И Й К Л М Н О П Р С Т У Ф Х Ц Ч Ш Щ Ю Я]",
        "ellipsis": {
          "initial": "…{0}",
          "medial": "{0}… {1}",
          "final": "{0}…",
          "word-initial": "…{0}",
          "word-medial": "{0}… {1}",
          "word-final": "{0}…"
        },
        "moreInformation": "?"
      }
    }
  }
}
