{
  "main": {
    "bg-BG": {
      "identity": {
        "version": {
          "_cldrVersion": "26",
          "_number": "$Revision: 10669 $"
        },
        "generation": {
          "_date": "$Date: 2014-07-23 16:10:33 -0500 (Wed, 23 Jul 2014) $"
        },
        "language": "bg",
        "territory": "BG"
      },
      "localeDisplayNames": {
        "scripts": {
          "Afak": "Afak",
          "Aghb": "Aghb",
          "Arab": "арабска",
          "Arab-alt-variant": "персийско-арабска",
          "Armi": "Арамейска",
          "Armn": "арменска",
          "Avst": "Авестанска",
          "Bali": "Балийски",
          "Bamu": "Bamu",
          "Bass": "Bass",
          "Batk": "Батакска",
          "Beng": "бенгалска",
          "Blis": "Блис символи",
          "Bopo": "бопомофо",
          "Brah": "Брахми",
          "Brai": "Брайлова",
          "Bugi": "Бугинска",
          "Buhd": "Бухид",
          "Cakm": "Чакма",
          "Cans": "Унифицирани символи на канадски аборигени",
          "Cari": "Карийска",
          "Cham": "Хамитска",
          "Cher": "Чероки",
          "Cirt": "Кирт",
          "Copt": "Коптска",
          "Cprt": "Кипърска",
          "Cyrl": "кирилица",
          "Cyrs": "Стар църковно-славянски вариант Кирилица",
          "Deva": "деванагари",
          "Dsrt": "Дезерет",
          "Dupl": "Dupl",
          "Egyd": "Египетско демотично писмо",
          "Egyh": "Египетско йератично писмо",
          "Egyp": "Египетски йероглифи",
          "Elba": "Elba",
          "Ethi": "етиопска",
          "Geok": "Грузинска хуцури",
          "Geor": "грузинска",
          "Glag": "Глаголическа",
          "Goth": "Готическа",
          "Gran": "Gran",
          "Grek": "гръцка",
          "Gujr": "гуджарати",
          "Guru": "гурмукхи",
          "Hang": "хангъл",
          "Hani": "китайска",
          "Hano": "Хануну",
          "Hans": "опростен",
          "Hans-alt-stand-alone": "опростен китайски",
          "Hant": "традиционен",
          "Hant-alt-stand-alone": "традиционен китайски",
          "Hebr": "иврит",
          "Hira": "хирагана",
          "Hluw": "Hluw",
          "Hmng": "Пахау хмонг",
          "Hrkt": "Катакана или Хирагана",
          "Hung": "Староунгарска",
          "Inds": "Харапска",
          "Ital": "Древно италийска",
          "Java": "Яванска",
          "Jpan": "японска",
          "Jurc": "Jurc",
          "Kali": "Кая Ли",
          "Kana": "катакана",
          "Khar": "Кхароштхи",
          "Khmr": "кхмерска",
          "Khoj": "Khoj",
          "Knda": "каннада",
          "Kore": "корейска",
          "Kpel": "Kpel",
          "Kthi": "Кайтхи",
          "Lana": "Ланна",
          "Laoo": "лаоска",
          "Latf": "Латинска фрактура",
          "Latg": "Галска латинска",
          "Latn": "латиница",
          "Lepc": "Лепча",
          "Limb": "Лимбу",
          "Lina": "Линейна А",
          "Linb": "Линейна Б",
          "Lisu": "Lisu",
          "Loma": "Loma",
          "Lyci": "Лицийска",
          "Lydi": "Лидийска",
          "Mahj": "Mahj",
          "Mand": "Мандаринска",
          "Mani": "Манихейска",
          "Maya": "Йероглифи на Маите",
          "Mend": "Mend",
          "Merc": "Merc",
          "Mero": "Мероитска",
          "Mlym": "малаялам",
          "Modi": "Modi",
          "Mong": "монголска",
          "Moon": "Мун",
          "Mroo": "Mroo",
          "Mtei": "Манипури",
          "Mymr": "бирманска",
          "Narb": "Narb",
          "Nbat": "Nbat",
          "Nkgb": "Nkgb",
          "Nkoo": "Н’Ко",
          "Nshu": "Nshu",
          "Ogam": "Огамическа",
          "Olck": "Ол Чики",
          "Orkh": "Орхоно-енисейска",
          "Orya": "ория",
          "Osma": "Османска",
          "Palm": "Palm",
          "Pauc": "Pauc",
          "Perm": "Древно пермска",
          "Phag": "Фагс-па",
          "Phli": "Phli",
          "Phlp": "Phlp",
          "Phlv": "Пахлавска",
          "Phnx": "Финикийска",
          "Plrd": "Писменост Полард",
          "Prti": "Prti",
          "Qaaa": "Qaaa",
          "Qaab": "Qaab",
          "Qaac": "Qaac",
          "Qaad": "Qaad",
          "Qaae": "Qaae",
          "Qaaf": "Qaaf",
          "Qaag": "Qaag",
          "Qaah": "Qaah",
          "Qaaj": "Qaaj",
          "Qaak": "Qaak",
          "Qaal": "Qaal",
          "Qaam": "Qaam",
          "Qaan": "Qaan",
          "Qaao": "Qaao",
          "Qaap": "Qaap",
          "Qaaq": "Qaaq",
          "Qaar": "Qaar",
          "Qaas": "Qaas",
          "Qaat": "Qaat",
          "Qaau": "Qaau",
          "Qaav": "Qaav",
          "Qaaw": "Qaaw",
          "Qaax": "Qaax",
          "Qaay": "Qaay",
          "Qaaz": "Qaaz",
          "Qaba": "Qaba",
          "Qabb": "Qabb",
          "Qabc": "Qabc",
          "Qabd": "Qabd",
          "Qabe": "Qabe",
          "Qabf": "Qabf",
          "Qabg": "Qabg",
          "Qabh": "Qabh",
          "Qabi": "Qabi",
          "Qabj": "Qabj",
          "Qabk": "Qabk",
          "Qabl": "Qabl",
          "Qabm": "Qabm",
          "Qabn": "Qabn",
          "Qabo": "Qabo",
          "Qabp": "Qabp",
          "Qabq": "Qabq",
          "Qabr": "Qabr",
          "Qabs": "Qabs",
          "Qabt": "Qabt",
          "Qabu": "Qabu",
          "Qabv": "Qabv",
          "Qabw": "Qabw",
          "Qabx": "Qabx",
          "Rjng": "Rjng",
          "Roro": "Ронго-ронго",
          "Runr": "Руническа",
          "Samr": "Самаританска",
          "Sara": "Сарати",
          "Sarb": "Sarb",
          "Saur": "Саураштра",
          "Sgnw": "Sgnw",
          "Shaw": "Shaw",
          "Shrd": "Shrd",
          "Sidd": "Sidd",
          "Sind": "Sind",
          "Sinh": "синхалска",
          "Sora": "Sora",
          "Sund": "Сунданска",
          "Sylo": "Силоти Нагри",
          "Syrc": "Сирийска",
          "Syre": "Сирийска естрангело",
          "Syrj": "Западна сирийска",
          "Syrn": "Източна сирийска",
          "Tagb": "Тагбанва",
          "Takr": "Takr",
          "Tale": "Тай Ле",
          "Talu": "Нова Тай Ле",
          "Taml": "тамилска",
          "Tang": "Tang",
          "Tavt": "Tavt",
          "Telu": "телугу",
          "Teng": "Teng",
          "Tfng": "Tfng",
          "Tglg": "Тагалог",
          "Thaa": "таана",
          "Thai": "тайска",
          "Tibt": "тибетска",
          "Tirh": "Tirh",
          "Ugar": "Угаритска",
          "Vaii": "Вайска",
          "Visp": "Видима реч",
          "Wara": "Wara",
          "Wole": "Wole",
          "Xpeo": "Староперсийска",
          "Xsux": "Шумеро-акадски клинопис",
          "Yiii": "Йи",
          "Zinh": "Zinh",
          "Zmth": "Математически символи",
          "Zsym": "символи",
          "Zxxx": "без писменост",
          "Zyyy": "обща",
          "Zzzz": "непозната писменост"
        }
      }
    }
  }
}
