{
  "main": {
    "bg-BG": {
      "identity": {
        "version": {
          "_cldrVersion": "26",
          "_number": "$Revision: 10669 $"
        },
        "generation": {
          "_date": "$Date: 2014-07-23 16:10:33 -0500 (Wed, 23 Jul 2014) $"
        },
        "language": "bg",
        "territory": "BG"
      },
      "localeDisplayNames": {
        "transformNames": {
          "BGN": "АКГН (BGN)",
          "Numeric": "Цифрови",
          "Tone": "Интонация",
          "UNGEGN": "ГЕСГИООН (UNGEGN)",
          "x-Accents": "Диакритични знаци",
          "x-Fullwidth": "С пълна ширина",
          "x-Halfwidth": "С половин ширина",
          "x-Jamo": "Джамо",
          "x-Pinyin": "Пинин",
          "x-Publishing": "Типографски"
        }
      }
    }
  }
}
