{
  "main": {
    "bm": {
      "identity": {
        "version": {
          "_cldrVersion": "26",
          "_number": "$Revision: 10669 $"
        },
        "generation": {
          "_date": "$Date: 2014-07-23 16:10:33 -0500 (Wed, 23 Jul 2014) $"
        },
        "language": "bm"
      },
      "localeDisplayNames": {
        "scripts": {
          "Afak": "Afak",
          "Aghb": "Aghb",
          "Arab": "Arab",
          "Armi": "Armi",
          "Armn": "Armn",
          "Avst": "Avst",
          "Bali": "Bali",
          "Bamu": "Bamu",
          "Bass": "Bass",
          "Batk": "Batk",
          "Beng": "Beng",
          "Blis": "Blis",
          "Bopo": "Bopo",
          "Brah": "Brah",
          "Brai": "Brai",
          "Bugi": "Bugi",
          "Buhd": "Buhd",
          "Cakm": "Cakm",
          "Cans": "Cans",
          "Cari": "Cari",
          "Cham": "Cham",
          "Cher": "Cher",
          "Cirt": "Cirt",
          "Copt": "Copt",
          "Cprt": "Cprt",
          "Cyrl": "Cyrl",
          "Cyrs": "Cyrs",
          "Deva": "Deva",
          "Dsrt": "Dsrt",
          "Dupl": "Dupl",
          "Egyd": "Egyd",
          "Egyh": "Egyh",
          "Egyp": "Egyp",
          "Elba": "Elba",
          "Ethi": "Ethi",
          "Geok": "Geok",
          "Geor": "Geor",
          "Glag": "Glag",
          "Goth": "Goth",
          "Gran": "Gran",
          "Grek": "Grek",
          "Gujr": "Gujr",
          "Guru": "Guru",
          "Hang": "Hang",
          "Hani": "Hani",
          "Hano": "Hano",
          "Hans": "Hans",
          "Hans-alt-stand-alone": "Hans",
          "Hant": "Hant",
          "Hant-alt-stand-alone": "Hant",
          "Hebr": "Hebr",
          "Hira": "Hira",
          "Hluw": "Hluw",
          "Hmng": "Hmng",
          "Hrkt": "Hrkt",
          "Hung": "Hung",
          "Inds": "Inds",
          "Ital": "Ital",
          "Java": "Java",
          "Jpan": "Jpan",
          "Jurc": "Jurc",
          "Kali": "Kali",
          "Kana": "Kana",
          "Khar": "Khar",
          "Khmr": "Khmr",
          "Khoj": "Khoj",
          "Knda": "Knda",
          "Kore": "Kore",
          "Kpel": "Kpel",
          "Kthi": "Kthi",
          "Lana": "Lana",
          "Laoo": "Laoo",
          "Latf": "Latf",
          "Latg": "Latg",
          "Latn": "Latn",
          "Lepc": "Lepc",
          "Limb": "Limb",
          "Lina": "Lina",
          "Linb": "Linb",
          "Lisu": "Lisu",
          "Loma": "Loma",
          "Lyci": "Lyci",
          "Lydi": "Lydi",
          "Mahj": "Mahj",
          "Mand": "Mand",
          "Mani": "Mani",
          "Maya": "Maya",
          "Mend": "Mend",
          "Merc": "Merc",
          "Mero": "Mero",
          "Mlym": "Mlym",
          "Modi": "Modi",
          "Mong": "Mong",
          "Moon": "Moon",
          "Mroo": "Mroo",
          "Mtei": "Mtei",
          "Mymr": "Mymr",
          "Narb": "Narb",
          "Nbat": "Nbat",
          "Nkgb": "Nkgb",
          "Nkoo": "Nkoo",
          "Nshu": "Nshu",
          "Ogam": "Ogam",
          "Olck": "Olck",
          "Orkh": "Orkh",
          "Orya": "Orya",
          "Osma": "Osma",
          "Palm": "Palm",
          "Pauc": "Pauc",
          "Perm": "Perm",
          "Phag": "Phag",
          "Phli": "Phli",
          "Phlp": "Phlp",
          "Phlv": "Phlv",
          "Phnx": "Phnx",
          "Plrd": "Plrd",
          "Prti": "Prti",
          "Qaaa": "Qaaa",
          "Qaab": "Qaab",
          "Qaac": "Qaac",
          "Qaad": "Qaad",
          "Qaae": "Qaae",
          "Qaaf": "Qaaf",
          "Qaag": "Qaag",
          "Qaah": "Qaah",
          "Qaaj": "Qaaj",
          "Qaak": "Qaak",
          "Qaal": "Qaal",
          "Qaam": "Qaam",
          "Qaan": "Qaan",
          "Qaao": "Qaao",
          "Qaap": "Qaap",
          "Qaaq": "Qaaq",
          "Qaar": "Qaar",
          "Qaas": "Qaas",
          "Qaat": "Qaat",
          "Qaau": "Qaau",
          "Qaav": "Qaav",
          "Qaaw": "Qaaw",
          "Qaax": "Qaax",
          "Qaay": "Qaay",
          "Qaaz": "Qaaz",
          "Qaba": "Qaba",
          "Qabb": "Qabb",
          "Qabc": "Qabc",
          "Qabd": "Qabd",
          "Qabe": "Qabe",
          "Qabf": "Qabf",
          "Qabg": "Qabg",
          "Qabh": "Qabh",
          "Qabi": "Qabi",
          "Qabj": "Qabj",
          "Qabk": "Qabk",
          "Qabl": "Qabl",
          "Qabm": "Qabm",
          "Qabn": "Qabn",
          "Qabo": "Qabo",
          "Qabp": "Qabp",
          "Qabq": "Qabq",
          "Qabr": "Qabr",
          "Qabs": "Qabs",
          "Qabt": "Qabt",
          "Qabu": "Qabu",
          "Qabv": "Qabv",
          "Qabw": "Qabw",
          "Qabx": "Qabx",
          "Rjng": "Rjng",
          "Roro": "Roro",
          "Runr": "Runr",
          "Samr": "Samr",
          "Sara": "Sara",
          "Sarb": "Sarb",
          "Saur": "Saur",
          "Sgnw": "Sgnw",
          "Shaw": "Shaw",
          "Shrd": "Shrd",
          "Sidd": "Sidd",
          "Sind": "Sind",
          "Sinh": "Sinh",
          "Sora": "Sora",
          "Sund": "Sund",
          "Sylo": "Sylo",
          "Syrc": "Syrc",
          "Syre": "Syre",
          "Syrj": "Syrj",
          "Syrn": "Syrn",
          "Tagb": "Tagb",
          "Takr": "Takr",
          "Tale": "Tale",
          "Talu": "Talu",
          "Taml": "Taml",
          "Tang": "Tang",
          "Tavt": "Tavt",
          "Telu": "Telu",
          "Teng": "Teng",
          "Tfng": "Tfng",
          "Tglg": "Tglg",
          "Thaa": "Thaa",
          "Thai": "Thai",
          "Tibt": "Tibt",
          "Tirh": "Tirh",
          "Ugar": "Ugar",
          "Vaii": "Vaii",
          "Visp": "Visp",
          "Wara": "Wara",
          "Wole": "Wole",
          "Xpeo": "Xpeo",
          "Xsux": "Xsux",
          "Yiii": "Yiii",
          "Zinh": "Zinh",
          "Zmth": "Zmth",
          "Zsym": "Zsym",
          "Zxxx": "Zxxx",
          "Zyyy": "Zyyy",
          "Zzzz": "Zzzz"
        }
      }
    }
  }
}
