{
  "main": {
    "bg": {
      "identity": {
        "version": {
          "_cldrVersion": "26",
          "_number": "$Revision: 10809 $"
        },
        "generation": {
          "_date": "$Date: 2014-08-14 15:10:07 -0500 (Thu, 14 Aug 2014) $"
        },
        "language": "bg"
      },
      "dates": {
        "fields": {
          "era": {
            "displayName": "ера"
          },
          "year": {
            "displayName": "година",
            "relative-type--1": "миналата година",
            "relative-type-0": "тази година",
            "relative-type-1": "следващата година",
            "relativeTime-type-future": {
              "relativeTimePattern-count-one": "след {0} година",
              "relativeTimePattern-count-other": "след {0} години"
            },
            "relativeTime-type-past": {
              "relativeTimePattern-count-one": "преди {0} година",
              "relativeTimePattern-count-other": "преди {0} години"
            }
          },
          "year-short": {
            "displayName": "г.",
            "relative-type--1": "миналата година",
            "relative-type-0": "тази година",
            "relative-type-1": "следващата година",
            "relativeTime-type-future": {
              "relativeTimePattern-count-one": "сл. {0} г.",
              "relativeTimePattern-count-other": "сл. {0} г."
            },
            "relativeTime-type-past": {
              "relativeTimePattern-count-one": "пр. {0} г.",
              "relativeTimePattern-count-other": "пр. {0} г."
            }
          },
          "year-narrow": {
            "displayName": "г.",
            "relative-type--1": "миналата година",
            "relative-type-0": "тази година",
            "relative-type-1": "следващата година",
            "relativeTime-type-future": {
              "relativeTimePattern-count-one": "сл. {0} г.",
              "relativeTimePattern-count-other": "сл. {0} г."
            },
            "relativeTime-type-past": {
              "relativeTimePattern-count-one": "пр. {0} г.",
              "relativeTimePattern-count-other": "пр. {0} г."
            }
          },
          "quarter": {
            "displayName": "тримесечие",
            "relative-type--1": "last quarter",
            "relative-type-0": "this quarter",
            "relative-type-1": "next quarter",
            "relativeTime-type-future": {
              "relativeTimePattern-count-one": "след {0} тримесечие",
              "relativeTimePattern-count-other": "след {0} тримесечия"
            },
            "relativeTime-type-past": {
              "relativeTimePattern-count-one": "преди {0} тримесечие",
              "relativeTimePattern-count-other": "преди {0} тримесечия"
            }
          },
          "quarter-short": {
            "displayName": "трим.",
            "relative-type--1": "last quarter",
            "relative-type-0": "this quarter",
            "relative-type-1": "next quarter",
            "relativeTime-type-future": {
              "relativeTimePattern-count-one": "сл. {0} трим.",
              "relativeTimePattern-count-other": "сл. {0} трим."
            },
            "relativeTime-type-past": {
              "relativeTimePattern-count-one": "пр. {0} трим.",
              "relativeTimePattern-count-other": "пр. {0} трим."
            }
          },
          "quarter-narrow": {
            "displayName": "трим.",
            "relative-type--1": "last quarter",
            "relative-type-0": "this quarter",
            "relative-type-1": "next quarter",
            "relativeTime-type-future": {
              "relativeTimePattern-count-one": "сл. {0} трим.",
              "relativeTimePattern-count-other": "сл. {0} трим."
            },
            "relativeTime-type-past": {
              "relativeTimePattern-count-one": "пр. {0} трим.",
              "relativeTimePattern-count-other": "пр. {0} трим."
            }
          },
          "month": {
            "displayName": "месец",
            "relative-type--1": "миналият месец",
            "relative-type-0": "този месец",
            "relative-type-1": "следващият месец",
            "relativeTime-type-future": {
              "relativeTimePattern-count-one": "след {0} месец",
              "relativeTimePattern-count-other": "след {0} месеца"
            },
            "relativeTime-type-past": {
              "relativeTimePattern-count-one": "преди {0} месец",
              "relativeTimePattern-count-other": "преди {0} месеца"
            }
          },
          "month-short": {
            "displayName": "м",
            "relative-type--1": "миналият месец",
            "relative-type-0": "този месец",
            "relative-type-1": "следващият месец",
            "relativeTime-type-future": {
              "relativeTimePattern-count-one": "сл. {0} м.",
              "relativeTimePattern-count-other": "сл. {0} м."
            },
            "relativeTime-type-past": {
              "relativeTimePattern-count-one": "пр. {0} м.",
              "relativeTimePattern-count-other": "пр. {0} м."
            }
          },
          "month-narrow": {
            "displayName": "м",
            "relative-type--1": "миналият месец",
            "relative-type-0": "този месец",
            "relative-type-1": "следващият месец",
            "relativeTime-type-future": {
              "relativeTimePattern-count-one": "сл. {0} м.",
              "relativeTimePattern-count-other": "сл. {0} м."
            },
            "relativeTime-type-past": {
              "relativeTimePattern-count-one": "пр. {0} м.",
              "relativeTimePattern-count-other": "пр. {0} м."
            }
          },
          "week": {
            "displayName": "седмица",
            "relative-type--1": "миналата седмица",
            "relative-type-0": "тази седмица",
            "relative-type-1": "следващата седмица",
            "relativeTime-type-future": {
              "relativeTimePattern-count-one": "след {0} седмица",
              "relativeTimePattern-count-other": "след {0} седмици"
            },
            "relativeTime-type-past": {
              "relativeTimePattern-count-one": "преди {0} седмица",
              "relativeTimePattern-count-other": "преди {0} седмици"
            }
          },
          "week-short": {
            "displayName": "седм",
            "relative-type--1": "миналата седмица",
            "relative-type-0": "тази седмица",
            "relative-type-1": "следващата седмица",
            "relativeTime-type-future": {
              "relativeTimePattern-count-one": "след {0} седм.",
              "relativeTimePattern-count-other": "след {0} седм."
            },
            "relativeTime-type-past": {
              "relativeTimePattern-count-one": "преди {0} седм.",
              "relativeTimePattern-count-other": "преди {0} седм."
            }
          },
          "week-narrow": {
            "displayName": "седм",
            "relative-type--1": "миналата седмица",
            "relative-type-0": "тази седмица",
            "relative-type-1": "следващата седмица",
            "relativeTime-type-future": {
              "relativeTimePattern-count-one": "сл. {0} седм.",
              "relativeTimePattern-count-other": "сл. {0} седм."
            },
            "relativeTime-type-past": {
              "relativeTimePattern-count-one": "пр. {0} седм.",
              "relativeTimePattern-count-other": "пр. {0} седм."
            }
          },
          "day": {
            "displayName": "ден",
            "relative-type--1": "вчера",
            "relative-type--2": "онзи ден",
            "relative-type-0": "днес",
            "relative-type-1": "утре",
            "relative-type-2": "вдругиден",
            "relativeTime-type-future": {
              "relativeTimePattern-count-one": "след {0} ден",
              "relativeTimePattern-count-other": "след {0} дни"
            },
            "relativeTime-type-past": {
              "relativeTimePattern-count-one": "преди {0} ден",
              "relativeTimePattern-count-other": "преди {0} дни"
            }
          },
          "day-short": {
            "displayName": "д",
            "relative-type--1": "вчера",
            "relative-type--2": "онзи ден",
            "relative-type-0": "днес",
            "relative-type-1": "утре",
            "relative-type-2": "вдругиден",
            "relativeTime-type-future": {
              "relativeTimePattern-count-one": "след {0} д",
              "relativeTimePattern-count-other": "след {0} д"
            },
            "relativeTime-type-past": {
              "relativeTimePattern-count-one": "преди {0} д",
              "relativeTimePattern-count-other": "преди {0} д"
            }
          },
          "day-narrow": {
            "displayName": "д",
            "relative-type--1": "вчера",
            "relative-type--2": "онзи ден",
            "relative-type-0": "днес",
            "relative-type-1": "утре",
            "relative-type-2": "вдругиден",
            "relativeTime-type-future": {
              "relativeTimePattern-count-one": "сл. {0} д",
              "relativeTimePattern-count-other": "сл. {0} д"
            },
            "relativeTime-type-past": {
              "relativeTimePattern-count-one": "пр. {0} д",
              "relativeTimePattern-count-other": "пр. {0} д"
            }
          },
          "weekday": {
            "displayName": "ден от седмицата"
          },
          "sun": {
            "relative-type--1": "миналата неделя",
            "relative-type-0": "тази неделя",
            "relative-type-1": "следващата неделя"
          },
          "sun-short": {
            "relative-type--1": "миналата нд",
            "relative-type-0": "тази нд",
            "relative-type-1": "следващата нд"
          },
          "sun-narrow": {
            "relative-type--1": "мин. нд",
            "relative-type-0": "тази нд",
            "relative-type-1": "следв. нд"
          },
          "mon": {
            "relative-type--1": "миналият понеделник",
            "relative-type-0": "този понеделник",
            "relative-type-1": "следващият понеделник"
          },
          "mon-short": {
            "relative-type--1": "миналият пн",
            "relative-type-0": "този пн",
            "relative-type-1": "следващият пн"
          },
          "mon-narrow": {
            "relative-type--1": "мин. пн",
            "relative-type-0": "този пн",
            "relative-type-1": "следв. пн"
          },
          "tue": {
            "relative-type--1": "миналият вторник",
            "relative-type-0": "този вторник",
            "relative-type-1": "следващият вторник"
          },
          "tue-short": {
            "relative-type--1": "миналият вт",
            "relative-type-0": "този вт",
            "relative-type-1": "следващият вт"
          },
          "tue-narrow": {
            "relative-type--1": "мин. вт",
            "relative-type-0": "този вт",
            "relative-type-1": "следв. вт"
          },
          "wed": {
            "relative-type--1": "миналата сряда",
            "relative-type-0": "тази сряда",
            "relative-type-1": "следващата сряда"
          },
          "wed-short": {
            "relative-type--1": "миналата ср",
            "relative-type-0": "тази ср",
            "relative-type-1": "следващата ср"
          },
          "wed-narrow": {
            "relative-type--1": "мин. ср",
            "relative-type-0": "тази ср",
            "relative-type-1": "следв. ср"
          },
          "thu": {
            "relative-type--1": "миналият четвъртък",
            "relative-type-0": "този четвъртък",
            "relative-type-1": "следващият четвъртък"
          },
          "thu-short": {
            "relative-type--1": "миналият чт",
            "relative-type-0": "този чт",
            "relative-type-1": "следващият чт"
          },
          "thu-narrow": {
            "relative-type--1": "мин. чт",
            "relative-type-0": "този чт",
            "relative-type-1": "следв. чт"
          },
          "fri": {
            "relative-type--1": "миналият петък",
            "relative-type-0": "този петък",
            "relative-type-1": "следващият петък"
          },
          "fri-short": {
            "relative-type--1": "миналият пт",
            "relative-type-0": "този пт",
            "relative-type-1": "следващият пт"
          },
          "fri-narrow": {
            "relative-type--1": "мин. пт",
            "relative-type-0": "този пт",
            "relative-type-1": "следв. пт"
          },
          "sat": {
            "relative-type--1": "миналата събота",
            "relative-type-0": "тази събота",
            "relative-type-1": "следващата събота"
          },
          "sat-short": {
            "relative-type--1": "миналата сб",
            "relative-type-0": "тази сб",
            "relative-type-1": "следващата сб"
          },
          "sat-narrow": {
            "relative-type--1": "мин. сб",
            "relative-type-0": "тази сб",
            "relative-type-1": "следв. сб"
          },
          "dayperiod": {
            "displayName": "пр.об./сл.об."
          },
          "hour": {
            "displayName": "час",
            "relativeTime-type-future": {
              "relativeTimePattern-count-one": "след {0} час",
              "relativeTimePattern-count-other": "след {0} часа"
            },
            "relativeTime-type-past": {
              "relativeTimePattern-count-one": "преди {0} час",
              "relativeTimePattern-count-other": "преди {0} часа"
            }
          },
          "hour-short": {
            "displayName": "ч",
            "relativeTime-type-future": {
              "relativeTimePattern-count-one": "след {0} ч",
              "relativeTimePattern-count-other": "след {0} ч"
            },
            "relativeTime-type-past": {
              "relativeTimePattern-count-one": "преди {0} ч",
              "relativeTimePattern-count-other": "преди {0} ч"
            }
          },
          "hour-narrow": {
            "displayName": "ч",
            "relativeTime-type-future": {
              "relativeTimePattern-count-one": "сл. {0} ч",
              "relativeTimePattern-count-other": "сл. {0} ч"
            },
            "relativeTime-type-past": {
              "relativeTimePattern-count-one": "пр. {0} ч",
              "relativeTimePattern-count-other": "пр. {0} ч"
            }
          },
          "minute": {
            "displayName": "минута",
            "relativeTime-type-future": {
              "relativeTimePattern-count-one": "след {0} минута",
              "relativeTimePattern-count-other": "след {0} минути"
            },
            "relativeTime-type-past": {
              "relativeTimePattern-count-one": "преди {0} минута",
              "relativeTimePattern-count-other": "преди {0} минути"
            }
          },
          "minute-short": {
            "displayName": "мин",
            "relativeTime-type-future": {
              "relativeTimePattern-count-one": "след {0} мин",
              "relativeTimePattern-count-other": "след {0} мин"
            },
            "relativeTime-type-past": {
              "relativeTimePattern-count-one": "преди {0} мин",
              "relativeTimePattern-count-other": "преди {0} мин"
            }
          },
          "minute-narrow": {
            "displayName": "мин",
            "relativeTime-type-future": {
              "relativeTimePattern-count-one": "сл. {0} мин",
              "relativeTimePattern-count-other": "сл. {0} мин"
            },
            "relativeTime-type-past": {
              "relativeTimePattern-count-one": "пр. {0} мин",
              "relativeTimePattern-count-other": "пр. {0} мин"
            }
          },
          "second": {
            "displayName": "секунда",
            "relative-type-0": "сега",
            "relativeTime-type-future": {
              "relativeTimePattern-count-one": "след {0} секунда",
              "relativeTimePattern-count-other": "след {0} секунди"
            },
            "relativeTime-type-past": {
              "relativeTimePattern-count-one": "преди {0} секунда",
              "relativeTimePattern-count-other": "преди {0} секунди"
            }
          },
          "second-short": {
            "displayName": "с",
            "relative-type-0": "сега",
            "relativeTime-type-future": {
              "relativeTimePattern-count-one": "след {0} с",
              "relativeTimePattern-count-other": "след {0} с"
            },
            "relativeTime-type-past": {
              "relativeTimePattern-count-one": "преди {0} с",
              "relativeTimePattern-count-other": "преди {0} с"
            }
          },
          "second-narrow": {
            "displayName": "с",
            "relative-type-0": "сега",
            "relativeTime-type-future": {
              "relativeTimePattern-count-one": "сл. {0} с",
              "relativeTimePattern-count-other": "сл. {0} с"
            },
            "relativeTime-type-past": {
              "relativeTimePattern-count-one": "пр. {0} с",
              "relativeTimePattern-count-other": "пр. {0} с"
            }
          },
          "zone": {
            "displayName": "часова зона"
          }
        }
      }
    }
  }
}
