{
  "main": {
    "bg": {
      "identity": {
        "version": {
          "_cldrVersion": "26",
          "_number": "$Revision: 10809 $"
        },
        "generation": {
          "_date": "$Date: 2014-08-14 15:10:07 -0500 (Thu, 14 Aug 2014) $"
        },
        "language": "bg"
      },
      "localeDisplayNames": {
        "localeDisplayPattern": {
          "localePattern": "{0} ({1})",
          "localeSeparator": "{0}, {1}",
          "localeKeyTypePattern": "{0}: {1}"
        },
        "keys": {
          "calendar": "календар",
          "colAlternate": "Пренебрегване на сортирането по символи",
          "colBackwards": "Сортиране по диакритични знаци в обратен ред",
          "colCaseFirst": "Подреждане по горен/долен регистър",
          "colCaseLevel": "Сортиране с различаване на регистъра на буквите",
          "colHiraganaQuaternary": "Сортиране на кана",
          "colNormalization": "Нормализирано сортиране",
          "colNumeric": "Сортиране на цифрите",
          "colStrength": "Сила на сортиране",
          "collation": "ред на сортиране",
          "currency": "валута",
          "numbers": "цифри",
          "timezone": "Часова зона",
          "va": "Вариант на локала",
          "variableTop": "Сортиране като символи",
          "x": "Собствена употреба"
        },
        "types": {
          "numbers": {
            "arab": "арабско-индийски цифри",
            "arabext": "разширени арабско-индийски цифри",
            "armn": "арменски цифри",
            "armnlow": "арменски цифри в долен регистър",
            "bali": "bali",
            "beng": "бенгалски цифри"
          },
          "collation": {
            "big5han": "Традиционен китайски (Big5)"
          },
          "numbers": {
            "brah": "brah"
          },
          "calendar": {
            "buddhist": "будистки календар"
          },
          "numbers": {
            "cakm": "cakm",
            "cham": "cham"
          },
          "calendar": {
            "chinese": "китайски календар",
            "coptic": "Коптски календар",
            "dangi": "корейски календар"
          },
          "numbers": {
            "deva": "цифри в деванагари"
          },
          "collation": {
            "dictionary": "Речников ред на сортиране",
            "ducet": "стандартен ред на сортиране в уникод",
            "eor": "eor"
          },
          "numbers": {
            "ethi": "етиопски цифри"
          },
          "calendar": {
            "ethiopic": "етиопски календар",
            "ethiopic-amete-alem": "Етиопски календар Амит Алем"
          },
          "numbers": {
            "finance": "Финансови цифри",
            "fullwide": "цифри с пълна ширина"
          },
          "collation": {
            "gb2312han": "Опростен китайски (GB2312)"
          },
          "numbers": {
            "geor": "грузински цифри"
          },
          "calendar": {
            "gregorian": "григориански календар"
          },
          "numbers": {
            "grek": "гръцки цифри",
            "greklow": "гръцки цифри в долен регистър",
            "gujr": "цифри в гуджарати",
            "guru": "цифри в гурмукхи",
            "hanidec": "китайски десетични цифри",
            "hans": "цифри в опростения китайски",
            "hansfin": "финансови цифри в опростения китайски",
            "hant": "цифри в традиционния китайски",
            "hantfin": "финансови цифри в традиционния китайски",
            "hebr": "цифри в иврит"
          },
          "calendar": {
            "hebrew": "еврейски календар"
          },
          "colStrength": {
            "identical": "Сортиране на всички"
          },
          "calendar": {
            "indian": "Индийски граждански календар",
            "islamic": "ислямски календар",
            "islamic-civil": "Ислямски цивилен календар",
            "islamic-rgsa": "islamic-rgsa",
            "islamic-tbla": "islamic-tbla",
            "islamic-umalqura": "islamic-umalqura",
            "iso8601": "календар според ISO 8601",
            "japanese": "японски календар"
          },
          "numbers": {
            "java": "java",
            "jpan": "японски цифри",
            "jpanfin": "японски финансови цифри",
            "kali": "kali",
            "khmr": "кхмерски цифри",
            "knda": "цифри в каннада",
            "lana": "lana",
            "lanatham": "lanatham",
            "laoo": "лаоски цифри",
            "latn": "западни цифри",
            "lepc": "lepc",
            "limb": "limb"
          },
          "colCaseFirst": {
            "lower": "Сортиране първо по долен регистър"
          },
          "numbers": {
            "mlym": "цифри в малаялам",
            "mong": "Монголски цифри",
            "mtei": "mtei",
            "mymr": "мианмарски цифри",
            "mymrshan": "mymrshan",
            "native": "Местни цифри",
            "nkoo": "nkoo"
          },
          "colBackwards": {
            "no": "Нормално сортиране по диакритични знаци"
          },
          "colCaseFirst": {
            "no": "Сортиране с нормален ред за регистъра"
          },
          "colCaseLevel": {
            "no": "Сортиране без различаване на регистъра на буквите"
          },
          "colHiraganaQuaternary": {
            "no": "Сортиране на кана отделно"
          },
          "colNormalization": {
            "no": "Сортиране без нормализиране"
          },
          "colNumeric": {
            "no": "Сортиране на цифрите индивидуално"
          },
          "colAlternate": {
            "non-ignorable": "Сортиране по символи"
          },
          "numbers": {
            "olck": "olck",
            "orya": "цифри в ория",
            "osma": "osma"
          },
          "calendar": {
            "persian": "персийски календар"
          },
          "collation": {
            "phonebook": "Азбучен ред",
            "phonetic": "Фонетичен ред на сортиране",
            "pinyin": "Сортиране Пинин"
          },
          "colStrength": {
            "primary": "Сортиране само по основни букви",
            "quaternary": "Сортиране по диакритични знаци/регистър/ширина/кана"
          },
          "collation": {
            "reformed": "Следреформен ред на сортиране"
          },
          "calendar": {
            "roc": "календар на Република Китай"
          },
          "numbers": {
            "roman": "римски цифри",
            "romanlow": "римски цифри в долен регистър",
            "saur": "saur"
          },
          "collation": {
            "search": "търсене с общо предназначение",
            "searchjl": "Търсене по първоначални съгласни в хангул"
          },
          "colStrength": {
            "secondary": "Сортиране по диакритични знаци"
          },
          "colAlternate": {
            "shifted": "Сортиране с пренебрегване на символи"
          },
          "numbers": {
            "shrd": "shrd",
            "sora": "sora"
          },
          "collation": {
            "standard": "стандартен ред на сортиране",
            "stroke": "Сортиране по щрих"
          },
          "numbers": {
            "sund": "sund",
            "takr": "takr",
            "talu": "talu",
            "taml": "традиционни тамилски цифри",
            "tamldec": "тамилски цифри",
            "telu": "цифри в телугу"
          },
          "colStrength": {
            "tertiary": "Сортиране по диакритични знаци/регистър/ширина"
          },
          "numbers": {
            "thai": "тайландски цифри",
            "tibt": "тибетски цифри"
          },
          "collation": {
            "traditional": "Традиционно"
          },
          "numbers": {
            "traditional": "Традиционни цифри"
          },
          "collation": {
            "unihan": "Ред на сортиране по ключове и черти"
          },
          "colCaseFirst": {
            "upper": "Сортиране първо по горен регистър"
          },
          "numbers": {
            "vaii": "Цифри във ваи"
          },
          "colBackwards": {
            "yes": "Обратно сортиране по диакритични знаци"
          },
          "colCaseLevel": {
            "yes": "Сортиране с различаване на регистъра на буквите"
          },
          "colHiraganaQuaternary": {
            "yes": "Сортиране на кана по различен начин"
          },
          "colNormalization": {
            "yes": "Нормализирано сортиране в Уникод"
          },
          "colNumeric": {
            "yes": "Сортиране на цифрите по числена стойност"
          },
          "collation": {
            "zhuyin": "zhuyin"
          }
        },
        "codePatterns": {
          "language": "Език: {0}",
          "script": "Писменост: {0}",
          "territory": "Регион: {0}"
        }
      }
    }
  }
}
