{
  "main": {
    "bg": {
      "identity": {
        "version": {
          "_cldrVersion": "26",
          "_number": "$Revision: 10809 $"
        },
        "generation": {
          "_date": "$Date: 2014-08-14 15:10:07 -0500 (Thu, 14 Aug 2014) $"
        },
        "language": "bg"
      },
      "localeDisplayNames": {
        "transformNames": {
          "BGN": "АКГН (BGN)",
          "Numeric": "Цифрови",
          "Tone": "Интонация",
          "UNGEGN": "ГЕСГИООН (UNGEGN)",
          "x-Accents": "Диакритични знаци",
          "x-Fullwidth": "С пълна ширина",
          "x-Halfwidth": "С половин ширина",
          "x-Jamo": "Джамо",
          "x-Pinyin": "Пинин",
          "x-Publishing": "Типографски"
        }
      }
    }
  }
}
