{
  "main": {
    "be": {
      "identity": {
        "version": {
          "_cldrVersion": "26",
          "_number": "$Revision: 10739 $"
        },
        "generation": {
          "_date": "$Date: 2014-08-07 12:54:13 -0500 (Thu, 07 Aug 2014) $"
        },
        "language": "be"
      },
      "listPatterns": {
        "listPattern-type-standard": {
          "start": "{0}, {1}",
          "middle": "{0}, {1}",
          "end": "{0}, {1}",
          "2": "{0}, {1}"
        },
        "listPattern-type-unit": {
          "start": "{0}, {1}",
          "middle": "{0}, {1}",
          "end": "{0}, {1}",
          "2": "{0}, {1}"
        },
        "listPattern-type-unit-narrow": {
          "start": "{0}, {1}",
          "middle": "{0}, {1}",
          "end": "{0}, {1}",
          "2": "{0}, {1}"
        },
        "listPattern-type-unit-short": {
          "start": "{0}, {1}",
          "middle": "{0}, {1}",
          "end": "{0}, {1}",
          "2": "{0}, {1}"
        }
      }
    }
  }
}
